Workbook
Name CrewGuestSvcPerc: '[2]Operations Review'!$G$117:$H$117
Name Date: '[2]Operations Review'!$C$2
Name EffMerchPerc: '[2]Operations Review'!$G$121:$H$121
Name FoodSafetyPerc: '[2]Operations Review'!$G$115:$H$115
Name IHRPercPerNum: 20
Name Location: '[2]Operations Review'!$C$1
Name PCNum: '[2]Operations Review'!$C$4
Name ProdQualPerc: '[2]Operations Review'!$G$120:$H$120
Name PtsAvail: '[2]Operations Review'!$D$123
Name PtsAward: '[2]Operations Review'!$E$123:$F$123
Name RstCleanPerc: '[2]Operations Review'!$G$116:$H$116
Name StoreExpPerc: '[2]Operations Review'!$G$118:$H$118
Name Time: '[2]Operations Review'!$C$3
Name TotalPerc: '[2]Operations Review'!$G$123:$H$123

Sheet  Revisión de operaciones
A1: Ubicación
A2: Fecha del formulario
A3: Tiempo
A4: Persona responsable
A5: Evaluador
A8: Puntos posibles: | C8: =D123 -> 8 | D8: Agujas: | E8: =E123:F123 -> 0 | F8: Porcentaje: | H8: =G123 -> 0 | J8: Comentarios
A10: Riesgos inminentes para la salud | B10: RSI 1 | C10: Hay agua corriente caliente y fría disponible. | H10: Sí | I10: =IF(H10="Yes",20,IF(H10="No",0,IF(H10="Cured in the moment",20,"")))
B11: RSI 2 | C11: Gerente y miembros de la tripulación libres de enfermedades y síntomas. | H11: Sí | I11: =IF(H11="Yes",20,IF(H11="No",0,IF(H11="Cured in the moment",20,"")))
B12: RSI 3 | C12: Libre de productos adulterados/contaminados | H12: Sí | I12: =IF(H12="Yes",20,IF(H12="No",0,IF(H12="Cured in the moment",20,"")))
B13: RSI 4 | C13: Libre de atascos de alcantarillado | H13: Sí | I13: =IF(H13="Yes",20,IF(H13="No",0,IF(H13="Cured in the moment",20,"")))
B14: RSI 5 | C14: Libre de plagas que provoquen contaminación de superficies de contacto o alimentos. | H14: Sí | I14: =IF(H14="Yes",20,IF(H14="No",0,IF(H14="Cured in the moment",20,"")))
B15: RSI 6 | C15: El restaurante tiene desinfectante | H15: Sí | I15: =IF(H15="Yes",20,IF(H15="No",0,IF(H15="Cured in the moment",20,"")))
B16: RSI 7 | C16: Libre de inundaciones | H16: Sí | I16: =IF(H16="Yes",20,IF(H16="No",0,IF(H16="Cured in the moment",20,"")))
B17: RSI 8 | C17: Los alimentos controlados por tiempo y temperatura para seguridad (TCS) se mantienen a la temperatura adecuada y se documentan cada cuatro horas. | H17: Sí | I17: =IF(H17="Yes",20,IF(H17="No",0,IF(H17="Cured in the moment",20,"")))
B18: RSI 9 | C18: Se proporcionan lavabos para lavarse las manos. | H18: Sí | I18: =IF(H18="Yes",20,IF(H18="No",0,IF(H18="Cured in the moment",20,"")))
A20: Seguridad alimentaria - Sistema de saneamiento | B20: FS-SS 1 | C20: Las soluciones desinfectantes están limpias, tienen la concentración adecuada y hay tiras de prueba disponibles. | H20: Sí | I20: =IF(H20="Yes",2,IF(H20="No",0,IF(H20="N/A",2,"")))
B21: FS-SS 2 | C21: El fregadero de dos o tres compartimentos está instalado y se utiliza correctamente | H21: No | I21: =IF(H21="Yes",2,IF(H21="No",0,IF(H21="N/A",2,""))) -> 0
B22: FS-SS 3 | C22: Las superficies de los equipos y utensilios se lavan, enjuagan, desinfectan y secan al aire adecuadamente. | H22: Sí | I22: =IF(H22="Yes",2,IF(H22="No",0,IF(H22="N/A",2,"")))
B23: FS-SS 4 | C23: Se utilizan productos químicos aprobados, etiquetados y almacenados adecuadamente. | H23: No | I23: =IF(H23="Yes",2,IF(H23="No",0,IF(H23="N/A",2,""))) -> 0
B24: FS-SS 5 | C24: Las instalaciones en la parte trasera de la casa están limpias y mantenidas. | H24: Sí | I24: =IF(H24="Yes",2,IF(H24="No",0,IF(H24="N/A",2,"")))
A26: Seguridad alimentaria - Sistema de prácticas e higiene de los empleados | B26: FS-EH1 | C26: El gerente y los miembros de la tripulación comprenden el estándar de Dunkin' Brands para la salud de los empleados | H26: Sí | I26: =IF(H26="Yes",2,IF(H26="No",0,IF(H26="N/A",2,"")))
B27: FS-EH2 | C27: Hay instalaciones para lavarse las manos y se siguen prácticas de higiene. | H27: Sí | I27: =IF(H27="Yes",2,IF(H27="No",0,IF(H27="N/A",2,"")))
B28: FS-EH3 | C28: No hay contacto de las manos desnudas con alimentos listos para comer y hay guantes/barreras de un solo uso disponibles. | H28: Sí | I28: =IF(H28="Yes",2,IF(H28="No",0,IF(H28="N/A",2,"")))
A30: Seguridad alimentaria: sistema de control de tiempo y temperatura | B30: FS-TT1 | C30: El termómetro termopar con sonda para alimentos aprobado está en uso, es preciso y está desinfectado adecuadamente. | H30: Sí | I30: =IF(H30="Yes",2,IF(H30="No",0,IF(H30="N/A",2,"")))
B31: FS-TT2 | C31: Los alimentos refrigerados se mantienen a una temperatura de (35˚F a <41˚F) / (>2˚C a <5˚C) | H31: N / A | I31: =IF(H31="Yes",2,IF(H31="No",0,IF(H31="N/A",2,"")))
A33: Seguridad alimentaria - Sistema de buenas prácticas de venta minorista | B33: FS-GRP-1 | C33: Los alimentos y sus envases están protegidos de la contaminación y del contacto cruzado con alérgenos. | H33: Sí | I33: =IF(H33="Yes",2,IF(H33="No",0,IF(H33="N/A",2,"")))
B34: FS-GRP2 | C34: Todos los envases de alimentos se utilizan de forma adecuada. | H34: Sí | I34: =IF(H34="Yes",2,IF(H34="No",0,IF(H34="N/A",2,"")))
B35: FS-GRP3 | C35: Todos los productos alimenticios están aprobados y provienen de una fuente aprobada. | H35: Sí | I35: =IF(H35="Yes",2,IF(H35="No",0,IF(H35="N/A",2,"")))
B36: FS-GRP 4 | C36: Todos los alimentos están dentro del código de fecha y etiquetados adecuadamente. | H36: N / A | I36: =IF(H36="Yes",2,IF(H36="No",0,IF(H36="N/A",2,"")))
B37: FS-GRP 7 | C37: Restaurante libre de plagas y evidencia de plagas. | H37: Sí | I37: =IF(H37="Yes",2,IF(H37="No",0,IF(H37="N/A",2,"")))
B38: FS-GRP8 | C38: Los dispositivos de control de plagas se utilizan correctamente y solo los aplica un operador de control de plagas autorizado. | H38: Sí | I38: =IF(H38="Yes",2,IF(H38="No",0,IF(H38="N/A",2,"")))
A40: Seguridad alimentaria - Sistema de documentación | B40: FS-DS 1 | C40: La sección de Seguridad Alimentaria de los ROR está completa, es precisa y incluye acciones correctivas. | H40: No | I40: =IF(H40="Yes",2,IF(H40="No",0,IF(H40="N/A",2,""))) -> 0
B41: FS-DS 2 | C41: Los documentos de temperatura de mantenimiento en frío están completos, son precisos y incluyen acciones correctivas. | H41: Sí | I41: =IF(H41="Yes",2,IF(H41="No",0,IF(H41="N/A",2,"")))
B42: FS-DS 3 | C42: Los documentos recibidos están completos, precisos y con acciones correctivas. | H42: Sí | I42: =IF(H42="Yes",2,IF(H42="No",0,IF(H42="N/A",2,"")))
B43: FS-DS 4 | C43: Existe prueba de la documentación y los recursos de seguridad alimentaria requeridos (es decir, capacitación en comunicación de riesgos y MSDS/SDS, certificaciones de seguridad alimentaria, etc., (según lo exija la ley local) | H43: Sí | I43: =IF(H43="Yes",2,IF(H43="No",0,IF(H43="N/A",2,"")))
A45: Limpieza del restaurante | B45: RC1 | C45: ¿Está limpio y en buen estado el exterior? Evalúe la limpieza y el estado de la entrada, las puertas, las ventanas, la señalización y la iluminación a través de los ojos del huésped. | H45: Sí | I45: =IF(H45="Yes",2,IF(H45="No",0,IF(H45="N/A",2,"")))
B46: RC2 | C46: ¿El área del comedor está limpia, mantenida y el ambiente cumple con los requisitos de BR? | H46: Sí | I46: =IF(H46="Yes",2,IF(H46="No",0,IF(H46="N/A",2,"")))
B47: RC3 | C47: ¿El área de servicio y todas las áreas de la barra trasera están limpias, en buenas condiciones, cumpliendo con los requisitos de BR y se mantienen adecuadamente? | H47: Sí | I47: =IF(H47="Yes",2,IF(H47="No",0,IF(H47="N/A",2,"")))
B48: RC4 | C48: ¿Las básculas, los dispensadores y el abrelatas están limpios, en buenas condiciones y cumplen con los requisitos de BR? | H48: Sí | I48: =IF(H48="Yes",2,IF(H48="No",0,IF(H48="N/A",2,"")))
B49: RC5 | C49: ¿Los utensilios y recipientes para alimentos están limpios, en buenas condiciones y cumplen con los requisitos de BR? | H49: Sí | I49: =IF(H49="Yes",2,IF(H49="No",0,IF(H49="N/A",2,"")))
B50: RC6 | C50: ¿El área de almacenamiento en seco está limpia, en buenas condiciones y cumple con los requisitos de BR? | H50: Sí | I50: =IF(H50="Yes",2,IF(H50="No",0,IF(H50="N/A",2,"")))
B51: RC7 | C51: ¿El área de fregado y lavado de la trastienda de almacenamiento en seco está limpia, en buenas condiciones y cumple con los requisitos de BR? ¿El trapeador está ubicado de manera que permita un secado adecuado? | H51: Sí | I51: =IF(H51="Yes",2,IF(H51="No",0,IF(H51="N/A",2,"")))
B52: RC8 | C52: ¿Los baños públicos están limpios y en buenas condiciones? | H52: Sí | I52: =IF(H52="Yes",2,IF(H52="No",0,IF(H52="N/A",2,"")))
B53: RC9 | C53: ¿Los baños de los empleados están limpios y en buenas condiciones? | H53: Sí | I53: =IF(H53="Yes",2,IF(H53="No",0,IF(H53="N/A",2,"")))
B54: RC10 | C54: ¿Los contenedores de basura interiores están limpios y mantenidos adecuadamente? | H54: Sí | I54: =IF(H54="Yes",2,IF(H54="No",0,IF(H54="N/A",2,"")))
A56: Servicios para huéspedes | B56: GS1 | C56: ¿La tienda ofrece una muestra de cuchara rosa a todos los huéspedes? | H56: Sí | I56: =IF(H56="Yes",6,IF(H56="No",0,IF(H56="N/A",6,"")))
B57: GS2 | C57: ¿El restaurante cuenta con el personal adecuado para atender el volumen de negocio? | H57: Sí | I57: =IF(H57="Yes",2,IF(H57="No",0,IF(H57="N/A",2,"")))
B58: GS3 | C58: ¿El uniforme que usa la tripulación cumple con los estándares de la marca? | H58: Sí | I58: =IF(H58="Yes",2,IF(H58="No",0,IF(H58="N/A",2,"")))
B59: GS4 | C59: ¿Los miembros del equipo están atentos e interactúan adecuadamente con los huéspedes? | H59: Sí | I59: =IF(H59="Yes",2,IF(H59="No",0,IF(H59="N/A",2,"")))
B60: GS 5 | C60: Al brindar servicio a un huésped, ¿la tripulación está enfocada en él? | H60: Sí | I60: =IF(H60="Yes",2,IF(H60="No",0,IF(H60="N/A",2,"")))
B61: GS6 | C61: ¿Está la tripulación familiarizada con todas las promociones u ofertas especiales actuales? | H61: Sí | I61: =IF(H61="Yes",2,IF(H61="No",0,IF(H61="N/A",2,"")))
B62: GS7 | C62: Cuando se le pregunta, ¿sabe la tripulación dónde encontrar la información nutricional más actualizada para los huéspedes? | H62: Sí | I62: =IF(H62="Yes",2,IF(H62="No",0,IF(H62="N/A",2,"")))
A64: Experiencia en restaurante | B64: RE 1 | C64: ¿El restaurante participa en el Programa de Conos de Waffle Frescos? | H64: N / A | I64: =IF(H64="Yes",2,IF(H64="No",0,IF(H64="N/A",2,"")))
B65: RE 2 | C65: ¿Eres capaz de detectar el aroma de los conos de galleta recién horneados en el restaurante? | H65: N / A | I65: =IF(H65="Yes",2,IF(H65="No",0,IF(H65="N/A",2,"")))
B66: RE 3 | C66: ¿El restaurante participa en el programa de música? | H66: Sí | I66: =IF(H66="Yes",2,IF(H66="No",0,IF(H66="N/A",2,"")))
B67: RE 4 | C67: ¿El restaurante acepta tarjetas de crédito? | H67: Sí | I67: =IF(H67="Yes",2,IF(H67="No",0,IF(H67="N/A",2,"")))
B68: RE 5 | C68: ¿Están disponibles todos los elementos del menú? | H68: Sí | I68: =IF(H68="Yes",2,IF(H68="No",0,IF(H68="N/A",2,"")))
A70: Capacitación | B70: TR1 (Traducción al Español) | C70: ¿Todos los miembros de la tripulación han recibido formación aprobada por BR y han obtenido una puntuación satisfactoria? | H70: Sí | I70: =IF(H70="Yes",2,IF(H70="No",0,IF(H70="N/A",2,"")))
B71: TR2 | C71: ¿La tripulación sigue un proceso documentado para abrir y cerrar su restaurante? | H71: Sí | I71: =IF(H71="Yes",2,IF(H71="No",0,IF(H71="N/A",2,"")))
B72: TR3 | C72: ¿Están los contactos de emergencia, números de teléfono, señales, carteles y materiales requeridos publicados en un área designada? | H72: Sí | I72: =IF(H72="Yes",2,IF(H72="No",0,IF(H72="N/A",2,"")))
B73: TR4 | C73: ¿El taller cuenta con todas las ayudas de trabajo y guías instructivas actualizadas y están ubicadas en el lugar apropiado dentro del círculo de trabajo? | H73: Sí | I73: =IF(H73="Yes",2,IF(H73="No",0,IF(H73="N/A",2,"")))
A75: Calidad del producto | B75: Pregunta 1 | C75: ¿Se están cumpliendo los estándares de pasteles requeridos por BR? | H75: Sí | I75: =IF(H75="Yes",2,IF(H75="No",0,IF(H75="N/A",2,"")))
B76: Pregunta 2 | C76: Dentro del gabinete de inmersión, ¿está disponible el FOM, hay productos correctos en stock y se están siguiendo los requisitos correctos de calidad del producto BR? | H76: Sí | I76: =IF(H76="Yes",2,IF(H76="No",0,IF(H76="N/A",2,"")))
B77: Pregunta 3 | C77: ¿Los calentadores y el riel de jarabe están limpios, a la temperatura correcta y en buen estado? | H77: Sí | I77: =IF(H77="Yes",2,IF(H77="No",0,IF(H77="N/A",2,"")))
B78: Pregunta 4 | C78: ¿El dispensador de nueces o cerezas y el centro de cobertura de helado están limpios y cumplen con los requisitos de BR? | H78: Sí | I78: =IF(H78="Yes",2,IF(H78="No",0,IF(H78="N/A",2,"")))
B79: Pregunta 5 | C79: ¿El área de servicio y el equipo (máquina para hacer conos de waffle, vitrina, mandril para conos, pastel, azúcar, conos de waffle y soportes para cajas de conos) están limpios, en buenas condiciones y cumplen con los requisitos de BR? | H79: Sí | I79: =IF(H79="Yes",2,IF(H79="No",0,IF(H79="N/A",2,"")))
B80: Pregunta 6 | C80: ¿Los productos aprobados dentro del refrigerador se almacenan correctamente según las normas especificadas por BR? | H80: Sí | I80: =IF(H80="Yes",2,IF(H80="No",0,IF(H80="N/A",2,"")))
B81: Pregunta 7 | C81: ¿Todos los productos están elaborados según los estándares y recetas de BR? | H81: Sí | I81: =IF(H81="Yes",2,IF(H81="No",0,IF(H81="N/A",2,"")))
A83: Comercialización | B83: MD1 (Doctor en Medicina) | C83: ¿El Cake Book/Cake Tablet está actualizado y en buenas condiciones? | H83: No | I83: =IF(H83="Yes",2,IF(H83="No",0,IF(H83="N/A",2,""))) -> 0
B84: MD2 (Doctor en Medicina) | C84: ¿El restaurante cumple con los estándares de comercialización de la Guía de Excelencia en Postres? | H84: Sí | I84: =IF(H84="Yes",2,IF(H84="No",0,IF(H84="N/A",2,"")))
B85: MD3 (Doctor en Medicina) | C85: ¿Todos los productos de oferta por tiempo limitado (LTO) se ofrecen y están disponibles para ser comprados? | H85: Sí | I85: =IF(H85="Yes",2,IF(H85="No",0,IF(H85="N/A",2,"")))
B86: MD4 (Doctor en Medicina) | C86: ¿Los materiales publicitarios en el restaurante están actualizados, en buen estado, aprobados y cumplen con el planograma actual? | H86: Sí | I86: =IF(H86="Yes",2,IF(H86="No",0,IF(H86="N/A",2,"")))
B87: MD5 (Doctor en Medicina) | C87: ¿Se utilizan de manera uniforme los 3 métodos de recogida: en "S", semicírculo y en línea recta, y se nivelan y raspan las tinas correctamente? | H87: Sí | I87: =IF(H87="Yes",2,IF(H87="No",0,IF(H87="N/A",2,"")))
A89: Normas de equipamiento | B89: ES 1 | C89: ¿El congelador vertical, la exhibición de postres, los congeladores de almacenamiento y todos los refrigeradores están limpios, en buenas condiciones y cumplen con los requisitos de BR? | H89: Sí | I89: =IF(H89="Yes",2,IF(H89="No",0,IF(H89="N/A",2,"")))
B90: ES 2 | C90: ¿El POS está aprobado, limpio y en buenas condiciones? | H90: Sí | I90: =IF(H90="Yes",2,IF(H90="No",0,IF(H90="N/A",2,"")))
B91: ES 3 | C91: ¿Los gabinetes de inmersión están limpios y en buenas condiciones y cumplen con los requisitos de BR? | H91: Sí | I91: =IF(H91="Yes",2,IF(H91="No",0,IF(H91="N/A",2,"")))
B92: ES 4 | C92: ¿Están todas las palas y cucharones aprobados limpios y en buenas condiciones? | H92: Sí | I92: =IF(H92="Yes",2,IF(H92="No",0,IF(H92="N/A",2,"")))
B93: ES 5 | C93: ¿La batidora de batidos, la batidora a 31 grados bajo cero, la máquina de helado suave, las licuadoras y los silenciadores están limpios, en buenas condiciones y cumplen con los requisitos de BR? | H93: Sí | I93: =IF(H93="Yes",2,IF(H93="No",0,IF(H93="N/A",2,"")))
B94: ES 6 | C94: ¿Los materiales y equipos para la elaboración y preparación de postres y pasteles están limpios y en buen estado? | H94: Sí | I94: =IF(H94="Yes",2,IF(H94="No",0,IF(H94="N/A",2,"")))
B95: ES 7 | C95: Los refrigeradores, congeladores y cámaras frigoríficas están limpios y sin acumulación de hielo. | H95: Sí | I95: =IF(H95="Yes",2,IF(H95="No",0,IF(H95="N/A",2,"")))
B96: ES 8 | C96: ¿La máquina de hielo está limpia, en buenas condiciones y cumple con los requisitos de BR? | H96: Sí | I96: =IF(H96="Yes",2,IF(H96="No",0,IF(H96="N/A",2,"")))
A98: Sección B - Normas locales | B98: LS1
B99: LS2
B100: LS 3
B101: LS 4
B102: LS 5
B103: LS6
B104: LS 7
D108: Puntos disponibles | E108: Puntos otorgados | G108: Porcentaje
B109: Riesgos inminentes para la salud % | D109: 100% - APROBADO -
B110: Sistema de Saneamiento | D110: =COUNT(I20:I24)*2 -> 4 | E110: =SUM(I20:I24) -> 0 | G110: =IFERROR(E110/D110,"") -> 0
B111: Sistema de Buenas Prácticas de Comercio Minorista | D111: =COUNT(I33:I38)*2 -> 0 | E111: =SUM(I33:I38) -> 0 | G111: =IFERROR(E111/D111,"")
B112: Sistema de documentación | D112: =COUNT(I40:I43)*2 -> 2 | E112: =SUM(I40:I43) -> 0 | G112: =IFERROR(E112/D112,"") -> 0
B113: Sistema de higiene y práctica profesional | D113: =COUNT(I26:I28)*2 -> 0 | E113: =SUM(I26:I28) -> 0 | G113: =IFERROR(E113/D113,"")
B114: Sistema de tiempo y temperatura | D114: =COUNT(I30:I31)*2 -> 0 | E114: =SUM(I30:I31) -> 0 | G114: =IFERROR(E114/D114,"")
B115: Totales de seguridad alimentaria | D115: =SUBTOTAL(9,D110:D114) -> 6 | E115: =SUBTOTAL(9,E110:F114) -> 0 | G115: =IFERROR(E115/D115,"") -> 0
B116: =A45 -> Limpieza del restaurante | D116: =COUNT(I45:I54)*2 -> 0 | E116: =SUM(I45:I54) -> 0 | G116: =IFERROR(E116/D116,"")
B117: =A56 -> Servicios para huéspedes | D117: =((COUNT(I56)*6)+(COUNT(I57:I62)*2)) -> 0 | E117: =SUM(I56:I62) -> 0 | G117: =IFERROR(E117/D117,"")
B118: Experiencia en restaurante | D118: =COUNT(I64:I68)*2 -> 0 | E118: =SUM(I64:I68) -> 0 | G118: =IFERROR(E118/D118,"")
B119: Capacitación | D119: =COUNT(I70:I73)*2 -> 0 | E119: =SUM(I70:I73) -> 0 | G119: =IFERROR(E119/D119,"")
...

Sheet  Tanteo
A1: Conde de los Núms. | B1: Porcentaje
A2: 0 | B2: 100
A3: 1 | B3: 80
A4: 2 | B4: 60
A5: 3 | B5: 40
A6: 4 | B6: 20
A7: 5 | B7: 0

Sheet EOR PV PV 180
B1: Evaluación de seguridad alimentaria One Inspire
B3: Nombre y ubicación de la tienda: | C3: PV 180 CIUDADELA COMERCIAL UNICENTRO LOCAL 2 -158
B4: Nombre de la persona que completa el formulario | C4: CAROLINA MENDEZ - CAROLINA ZAMORA | G4: Riesgos inminentes para la salud | H4: =IF(COUNTIF(BB6,"0")>0,"PASA","NO PASA") -> PASA | BA4: Sí | BB4: =COUNTIF(E17:F23,BA4) -> 0 | BC4: 0 RSI
B5: Fecha | C5: 46272 | G5: Categoría | H5: Puntos disponibles | I5: Puntos otorgados | J5: Porcentaje
G6: Limpieza y Saneamiento | H6: 31 | I6: =SUM(F25:F31) -> 31 | J6: =I6/H6 -> 1 | BA6: No | BB6: =COUNTIF(E17:F23,BA6) -> 0 | BC6: RSI
B7: Puntuación: Valores en puntos | C7: 1. Cada pregunta vale 1, 5 o 7 puntos (los puntos son todo o nada) para un total de 117 puntos posibles. | G7: Salud e higiene de los empleados | H7: 18 | I7: =SUM(F32:F35) -> 18 | J7: =I7/H7 -> 1 | BA7: Curado en el momento | BB7: =COUNTIF(E17:F23,BA7) -> 0 | BC7: RSI CIM
C8: 2. Riesgo inminente para la salud (IHR): No hay valores asignados a las 7 preguntas; marque dentro de la pregunta crítica sistémica apropiada, escale el problema según sea necesario y aplique acciones correctivas inmediatas. Si hay un riesgo inminente para la salud (IHR) en el momento de la evaluación, entonces la pregunta crítica correspondiente dentro de la evaluación debe marcarse con un "No", independientemente de si el IHR se cura en el momento. Si hay un IHR, la revisión continuará y se completará en su totalidad para ayudar a descubrir la causa raíz del IHR. | G8: Hora y temperatura | H8: 31 | I8: =SUM(F36:F40) -> 31 | J8: =I8/H8 -> 1
G9: Buenas prácticas de venta minorista | H9: 19 | I9: =SUM(F41:F45) -> 19 | J9: =I9/H9 -> 1
G10: Manejo de plagas | H10: 13 | I10: =SUM(F46:F48) -> 13 | J10: =I10/H10 -> 1
B11: Calificaciones de riesgo | C11: Actividades de seguimiento | G11: Documentación | H11: 5 | I11: =SUM(F49:F53) -> 5 | J11: =I11/H11 -> 1
B12: Riesgo bajo 90% o más | C12: El restaurante cumple con la mayoría de los estándares de seguridad alimentaria. Las acciones correctivas para todos los hallazgos deben tomarse dentro de los 5 días posteriores a la recepción del informe de evaluación final. Realice un seguimiento con el equipo del restaurante para asegurarse de que se corrijan las oportunidades, se capacite a los miembros del equipo, etc. | G12: Total | H12: =SUM(H6:H11) -> 117 | I12: =SUM(I6:I11) -> 117 | J12: =I12/H12 -> 1
B13: Riesgo moderado 71% – 89% | C13: El restaurante cumple con algunas normas de seguridad alimentaria. Las medidas correctivas para todos los hallazgos deben tomarse dentro de los 5 días posteriores a la recepción del informe de evaluación final. Es posible que sea necesario realizar una documentación de seguimiento o una nueva visita para cualquier problema que no se haya corregido en el momento.
B14: Riesgo alto 70% o menos | C14: El restaurante no cumple con los estándares de seguridad alimentaria. Las acciones correctivas para todos los hallazgos deben tomarse dentro de los 5 días posteriores a la recepción del informe de evaluación final. Se debe realizar una nueva evaluación dentro de los 30 a 45 días para verificar que se corrijan las oportunidades y se eliminen las causas fundamentales. | G14: Puntuación FSA % y resultado de riesgo | I14: =J12 -> 1
B16: Riesgos inminentes para la salud | E16: Respuesta | G16: Comentarios
B17: Riesgos inminentes para la salud | C17: 1 | D17: IHR.1 Hay agua corriente caliente y fría disponible NOTA: Citar bajo pregunta GRP.3 | E17: Yes | AY17: =E17 -> Yes | BA17: Sí | BB17: =COUNTIF(AY17:AY23,BA17) -> 0 | BC17: 0 RSI
C18: 2 | D18: RSI.2 El gerente y los miembros del equipo están libres de enfermedades y síntomas NOTA: Citar bajo la pregunta GRP.3 | E18: Yes | AY18: =E18 -> Yes | BA18: No | BB18: =COUNTIF(AY17:AY23,BA18) -> 0 | BC18: RSI
C19: 3 | D19: RSI.3 Libre de productos adulterados/contaminados NOTA: Citar bajo pregunta GRP.3 | E19: Yes | AY19: =E19 -> Yes | BA19: Curado en el momento | BB19: =COUNTIF(AY17:AY23,BA19) -> 0 | BC19: RSI CIM
C20: 4 | D20: IHR.4 Libre de inundaciones/respaldo de alcantarillado NOTA: Citar bajo pregunta GRP.3 | E20: Yes | AY20: =E20 -> Yes
C21: 5 | D21: IHR.5 Libre de infestaciones de plagas que provoquen contaminación de alimentos y superficies en contacto. NOTA: Citar bajo la pregunta PM.1 | E21: Yes
C22: 6 | D22: IHR.6 Restaurante cuenta con sanitizante NOTA: Citar bajo pregunta GRP.3 | E22: Yes | AY22: =E22 -> Yes
C23: 7 | D23: IHR.7 Se proporcionan lavabos para lavarse las manos NOTA: Citar bajo pregunta GRP.3 | E23: Yes | AY23: =E23 -> Yes
B24: Sistemas de seguridad alimentaria en el comercio minorista | E24: Respuesta | F24: Agujas
B25: Limpieza y Saneamiento | C25: 1 | D25: CS.1 (Mayor) El agua caliente alcanza un mínimo de 85 °F (29 °C) en todos los lavamanos, 110 °F (43 °C) en los lavaplatos y 160 °F (71 °C) de temperatura superficial en todas las máquinas lavaplatos de alta temperatura. | E25: Yes | F25: =IF(E25="Yes",5,0) -> 5
C26: 2 | D26: CS.2 (Principal) El desinfectante se encuentra en la concentración adecuada en todos los lavabos, baldes, tazas y lavadoras de vajilla a baja temperatura. | E26: Yes | F26: =IF(E26="Yes",5,0) -> 5
C27: 3 | D27: CS.3 (Principal) Todos los productos químicos están aprobados, etiquetados adecuadamente y almacenados correctamente. | E27: Yes | F27: =IF(E27="Yes",5,0) -> 5
C28: 4 | D28: CS.4 (Menor) Locales exteriores e interiores (parte trasera de la casa) Las superficies que no entran en contacto con alimentos están limpias y se mantienen | E28: Yes | F28: =IF(E28="Yes",1,0) -> 1
C29: 5 | D29: CS.5 (Menor) Todos los fregaderos y lavavajillas están instalados correctamente y se utilizan adecuadamente. | E29: Yes | F29: =IF(E29="Yes",1,0) -> 1
C30: 6 | D30: CS.6 (Crítico) Los equipos en uso y las mesas de preparación se limpian y desinfectan con la frecuencia adecuada y se mantienen | E30: Yes | F30: =IF(E30="Yes",7,0) -> 7
C31: 7 | D31: CS.7 (Crítico) Los utensilios en uso y los artículos pequeños se limpian y desinfectan con la frecuencia adecuada y se mantienen | E31: Yes | F31: =IF(E31="Yes",7,0) -> 7
B32: Salud e higiene de los empleados | C32: 1 | D32: EH.1 (Menor) La persona a cargo comprende los estándares de marca para enfermedades y síntomas notificables y los miembros del equipo saben qué informar. | E32: Yes | F32: =IF(E32="Yes",1,0) -> 1
C33: 2 | D33: EH.2 (Mayor) Los lavabos para lavarse las manos están completamente abastecidos y los miembros del equipo se lavan las manos correctamente. | E33: Yes | F33: =IF(E33="Yes",5,0) -> 5
C34: 3 | D34: EH.3 (Mayor) Los miembros del equipo están siguiendo prácticas de higiene. | E34: Yes | F34: =IF(E34="Yes",5,0) -> 5
C35: 4 | D35: EH.4 (Crítico) Los miembros del equipo usan guantes correctamente y evitan el contacto con las manos desnudas. | E35: Yes | F35: =IF(E35="Yes",7,0) -> 7
B36: Hora y temperatura | C36: 1 | D36: TT.1 (Crítico) Alimentos refrigerados mantenidos a 41 °F (5°C) o menos | E36: Yes | F36: =IF(E36="Yes",7,0) -> 7
C37: 2 | D37: TT.2 (Principal) Control de tiempo y temperatura para seguridad (TCS) Los alimentos se manipulan adecuadamente | E37: Yes | F37: =IF(E37="Yes",5,0) -> 5
C38: 3 | D38: TT.3 (Crítico) Los alimentos se cocinan a la temperatura correcta.NOTA: Si la comida no se cocina en este lugar, marque con un círculo los puntos obtenidos como 7 | E38: Yes | F38: =IF(OR(E38="Yes",E38="NA"),7,0) -> 7
C39: 4 | D39: TT.4 (Crítico) Control de tiempo/temperatura para seguridad (TCS) Los alimentos en almacenamiento en caliente se mantienen a ≥ 135 °F (65°C) NOTA: Si no se mantiene caliente en esta ubicación, marque con un círculo los puntos obtenidos como 7 | E39: NA | F39: =IF(OR(E39="Yes",E39="NA"),7,0) -> 7
C40: 5 | D40: TT.5 (Principal) Los termómetros están calibrados adecuadamente y en uso. | E40: Yes | F40: =IF(E40="Yes",5,0) -> 5
B41: Buenas prácticas de venta minorista | C41: 1 | D41: GRP.1 (Mayor) Los alimentos y envases se almacenan de manera que estén protegidos y se cumplen todos los requisitos de gestión de alérgenos. | E41: Yes | F41: =IF(E41="Yes",5,0) -> 5
C42: 2 | D42: GRP.2 (Mayor) Las superficies en contacto con alimentos están protegidas de la contaminación y se manipulan adecuadamente. | E42: Yes | F42: =IF(E42="Yes",5,0) -> 5
C43: 3 | D43: GRP.3 (Crítico) Se han establecido normas de prevención de la contaminación y se siguen adecuadamente las prácticas para prevenir la contaminación cruzada. | E43: Yes | F43: =IF(E43="Yes",7,0) -> 7
C44: 4 | D44: GRP.4 (Menor) Todos los alimentos están aprobados, dentro del código de fecha y etiquetados correctamente. | E44: Yes | F44: =IF(E44="Yes",1,0) -> 1
C45: 5 | D45: GRP.5 (Menor) El embalaje se utiliza de forma aprobada | E45: Yes | F45: =IF(E45="Yes",1,0) -> 1
B46: Manejo de plagas | C46: 1 | D46: PM.1 (Crítico) El restaurante está libre de evidencia de plagas y está recibiendo servicio de control de plagas. | E46: Yes | F46: =IF(E46="Yes",7,0) -> 7
C47: 2 | D47: PM.2 (Mayor) Todo el equipo de control de plagas requerido está presente y el servicio de control de plagas se realiza al menos una vez al mes. | E47: Yes | F47: =IF(E47="Yes",5,0) -> 5
C48: 3 | D48: PM.3 (Menor) Toda la documentación requerida sobre plagas está disponible (licencia, informes, etc.) | E48: Yes | F48: =IF(E48="Yes",1,0) -> 1
B49: Documentación | C49: 1 | D49: DOC.1 (Menor) Los documentos de temperatura de mantenimiento en frío (incluidos los registros de enfriamiento y descongelación) están completos, son precisos y incluyen acciones correctivas. | E49: Yes | F49: =IF(E49="Yes",1,0) -> 1
C50: 2 | D50: DOC.2 (Menor) Los documentos de temperatura de cocción están completos, son precisos y incluyen acciones correctivas.NOTA: Si no se cocina en esta ubicación, marque con un círculo los puntos obtenidos como 1 | E50: Yes | F50: =IF(OR(E50="Yes",E50="NA"),1,0) -> 1
C51: 3 | D51: DOC.3 (Menor) Los documentos de temperatura de mantenimiento en caliente están completos, son precisos y incluyen acciones correctivas.NOTA: Si no se mantiene caliente en esta ubicación, marque con un círculo los puntos obtenidos como 1 | E51: Yes | F51: =IF(OR(E51="Yes",E51="NA"),1,0) -> 1
C52: 4 | D52: DOC.4 (Menor) Los documentos recibidos están completos, son precisos y tienen acciones correctivas. | E52: Yes | F52: =IF(E52="Yes",1,0) -> 1
C53: 5 | D53: DOC.5 (Menor) La documentación y los recursos adicionales requeridos en materia de seguridad alimentaria están presentes y son accesibles según sea necesario. | E53: Yes | F53: =IF(E53="Yes",1,0) -> 1

Sheet P.A. PV 180
B2: Una plantilla de plan de acción mensual de InspireUtilice los resultados de One Inspire para crear un plan de acción para cerrar las brechas con los estándares de la marca. Todo aquello que no haya obtenido una puntuación "sí" en One Inspire es una brecha. Utilice el formato de objetivo SMART (específico, medible, alcanzable, realista y oportuno).
B3: OBJETIVO 1
B4: META: PINTURA Y LIPMPIEZA
B5: Accion correctiva / Plan de accion | C5: Responsable | D5: Fecha de ejecucion prevista | E5: Comentarios | F5: Fecha de cierre real (¿Terminado?)
D6: Fecha | E6: Comentarios | F6: Fecha (¿Hecho?)
B18: OBJETIVO 2
B19: META:
B20: Accion correctiva / Plan de accion | C20: Responsable | D20: Fecha de ejecucion prevista | E20: Comentarios | F20: Fecha de cierre real (¿Terminado?)
D21: Fecha | E21: Comentarios | F21: Fecha (¿Hecho?)
B32: OBJETIVO 3
B33: META:
B34: Accion correctiva / Plan de accion | C34: Responsable | D34: Fecha de ejecucion prevista | E34: Comentarios | F34: Fecha de cierre real (¿Terminado?)
D35: Fecha | E35: Comentarios | F35: Fecha (¿Hecho?)

Sheet EOR PV 296
B1: Evaluación de seguridad alimentaria One Inspire
B3: Nombre y ubicación de la tienda: | C3: PV 296 EDIFICIO BAVARIA CALLE 127
B4: Nombre de la persona que completa el formulario | C4: CAROLINA MENDEZ - CAROLINA ZAMORA CASTILLO | G4: Riesgos inminentes para la salud | H4: =IF(COUNTIF(BB6,"0")>0,"PASA","NO PASA") -> PASA | BA4: Sí | BB4: =COUNTIF(E17:F23,BA4) -> 0 | BC4: 0 RSI
B5: Fecha | C5: 46272 | G5: Categoría | H5: Puntos disponibles | I5: Puntos otorgados | J5: Porcentaje
G6: Limpieza y Saneamiento | H6: 31 | I6: =SUM(F25:F31) -> 31 | J6: =I6/H6 -> 1 | BA6: No | BB6: =COUNTIF(E17:F23,BA6) -> 0 | BC6: RSI
B7: Puntuación: Valores en puntos | C7: 1. Cada pregunta vale 1, 5 o 7 puntos (los puntos son todo o nada) para un total de 117 puntos posibles. | G7: Salud e higiene de los empleados | H7: 18 | I7: =SUM(F32:F35) -> 18 | J7: =I7/H7 -> 1 | BA7: Curado en el momento | BB7: =COUNTIF(E17:F23,BA7) -> 0 | BC7: RSI CIM
C8: 2. Riesgo inminente para la salud (IHR): No hay valores asignados a las 7 preguntas; marque dentro de la pregunta crítica sistémica apropiada, escale el problema según sea necesario y aplique acciones correctivas inmediatas. Si hay un riesgo inminente para la salud (IHR) en el momento de la evaluación, entonces la pregunta crítica correspondiente dentro de la evaluación debe marcarse con un "No", independientemente de si el IHR se cura en el momento. Si hay un IHR, la revisión continuará y se completará en su totalidad para ayudar a descubrir la causa raíz del IHR. | G8: Hora y temperatura | H8: 31 | I8: =SUM(F36:F40) -> 31 | J8: =I8/H8 -> 1
G9: Buenas prácticas de venta minorista | H9: 19 | I9: =SUM(F41:F45) -> 19 | J9: =I9/H9 -> 1
G10: Manejo de plagas | H10: 13 | I10: =SUM(F46:F48) -> 13 | J10: =I10/H10 -> 1
B11: Calificaciones de riesgo | C11: Actividades de seguimiento | G11: Documentación | H11: 5 | I11: =SUM(F49:F53) -> 5 | J11: =I11/H11 -> 1
B12: Riesgo bajo 90% o más | C12: El restaurante cumple con la mayoría de los estándares de seguridad alimentaria. Las acciones correctivas para todos los hallazgos deben tomarse dentro de los 5 días posteriores a la recepción del informe de evaluación final. Realice un seguimiento con el equipo del restaurante para asegurarse de que se corrijan las oportunidades, se capacite a los miembros del equipo, etc. | G12: Total | H12: =SUM(H6:H11) -> 117 | I12: =SUM(I6:I11) -> 117 | J12: =I12/H12 -> 1
B13: Riesgo moderado 71% – 89% | C13: El restaurante cumple con algunas normas de seguridad alimentaria. Las medidas correctivas para todos los hallazgos deben tomarse dentro de los 5 días posteriores a la recepción del informe de evaluación final. Es posible que sea necesario realizar una documentación de seguimiento o una nueva visita para cualquier problema que no se haya corregido en el momento.
B14: Riesgo alto 70% o menos | C14: El restaurante no cumple con los estándares de seguridad alimentaria. Las acciones correctivas para todos los hallazgos deben tomarse dentro de los 5 días posteriores a la recepción del informe de evaluación final. Se debe realizar una nueva evaluación dentro de los 30 a 45 días para verificar que se corrijan las oportunidades y se eliminen las causas fundamentales. | G14: Puntuación FSA % y resultado de riesgo | I14: =J12 -> 1
B16: Riesgos inminentes para la salud | E16: Respuesta | G16: Comentarios
B17: Riesgos inminentes para la salud | C17: 1 | D17: IHR.1 Hay agua corriente caliente y fría disponible NOTA: Citar bajo pregunta GRP.3 | E17: Yes | AY17: =E17 -> Yes | BA17: Sí | BB17: =COUNTIF(AY17:AY23,BA17) -> 0 | BC17: 0 RSI
C18: 2 | D18: RSI.2 El gerente y los miembros del equipo están libres de enfermedades y síntomas NOTA: Citar bajo la pregunta GRP.3 | E18: Yes | AY18: =E18 -> Yes | BA18: No | BB18: =COUNTIF(AY17:AY23,BA18) -> 0 | BC18: RSI
C19: 3 | D19: RSI.3 Libre de productos adulterados/contaminados NOTA: Citar bajo pregunta GRP.3 | E19: Yes | AY19: =E19 -> Yes | BA19: Curado en el momento | BB19: =COUNTIF(AY17:AY23,BA19) -> 0 | BC19: RSI CIM
C20: 4 | D20: IHR.4 Libre de inundaciones/respaldo de alcantarillado NOTA: Citar bajo pregunta GRP.3 | E20: Yes | AY20: =E20 -> Yes
C21: 5 | D21: IHR.5 Libre de infestaciones de plagas que provoquen contaminación de alimentos y superficies en contacto. NOTA: Citar bajo la pregunta PM.1 | E21: Yes
C22: 6 | D22: IHR.6 Restaurante cuenta con sanitizante NOTA: Citar bajo pregunta GRP.3 | E22: Yes | AY22: =E22 -> Yes
C23: 7 | D23: IHR.7 Se proporcionan lavabos para lavarse las manos NOTA: Citar bajo pregunta GRP.3 | E23: Yes | AY23: =E23 -> Yes
B24: Sistemas de seguridad alimentaria en el comercio minorista | E24: Respuesta | F24: Agujas | G24: Comentarios
B25: Limpieza y Saneamiento | C25: 1 | D25: CS.1 (Mayor) El agua caliente alcanza un mínimo de 85 °F (29 °C) en todos los lavamanos, 110 °F (43 °C) en los lavaplatos y 160 °F (71 °C) de temperatura superficial en todas las máquinas lavaplatos de alta temperatura. | E25: Yes | F25: =IF(E25="Yes",5,0) -> 5
C26: 2 | D26: CS.2 (Principal) El desinfectante se encuentra en la concentración adecuada en todos los lavabos, baldes, tazas y lavadoras de vajilla a baja temperatura. | E26: Yes | F26: =IF(E26="Yes",5,0) -> 5
C27: 3 | D27: CS.3 (Principal) Todos los productos químicos están aprobados, etiquetados adecuadamente y almacenados correctamente. | E27: Yes | F27: =IF(E27="Yes",5,0) -> 5
C28: 4 | D28: CS.4 (Menor) Locales exteriores e interiores (parte trasera de la casa) Las superficies que no entran en contacto con alimentos están limpias y se mantienen | E28: Yes | F28: =IF(E28="Yes",1,0) -> 1
C29: 5 | D29: CS.5 (Menor) Todos los fregaderos y lavavajillas están instalados correctamente y se utilizan adecuadamente. | E29: Yes | F29: =IF(E29="Yes",1,0) -> 1
C30: 6 | D30: CS.6 (Crítico) Los equipos en uso y las mesas de preparación se limpian y desinfectan con la frecuencia adecuada y se mantienen | E30: Yes | F30: =IF(E30="Yes",7,0) -> 7
C31: 7 | D31: CS.7 (Crítico) Los utensilios en uso y los artículos pequeños se limpian y desinfectan con la frecuencia adecuada y se mantienen | E31: Yes | F31: =IF(E31="Yes",7,0) -> 7
B32: Salud e higiene de los empleados | C32: 1 | D32: EH.1 (Menor) La persona a cargo comprende los estándares de marca para enfermedades y síntomas notificables y los miembros del equipo saben qué informar. | E32: Yes | F32: =IF(E32="Yes",1,0) -> 1
C33: 2 | D33: EH.2 (Mayor) Los lavabos para lavarse las manos están completamente abastecidos y los miembros del equipo se lavan las manos correctamente. | E33: Yes | F33: =IF(E33="Yes",5,0) -> 5
C34: 3 | D34: EH.3 (Mayor) Los miembros del equipo están siguiendo prácticas de higiene. | E34: Yes | F34: =IF(E34="Yes",5,0) -> 5
C35: 4 | D35: EH.4 (Crítico) Los miembros del equipo usan guantes correctamente y evitan el contacto con las manos desnudas. | E35: Yes | F35: =IF(E35="Yes",7,0) -> 7
B36: Hora y temperatura | C36: 1 | D36: TT.1 (Crítico) Alimentos refrigerados mantenidos a 41 °F (5°C) o menos | E36: Yes | F36: =IF(E36="Yes",7,0) -> 7
C37: 2 | D37: TT.2 (Principal) Control de tiempo y temperatura para seguridad (TCS) Los alimentos se manipulan adecuadamente | E37: Yes | F37: =IF(E37="Yes",5,0) -> 5
C38: 3 | D38: TT.3 (Crítico) Los alimentos se cocinan a la temperatura correcta.NOTA: Si la comida no se cocina en este lugar, marque con un círculo los puntos obtenidos como 7 | E38: Yes | F38: =IF(OR(E38="Yes",E38="NA"),7,0) -> 7
C39: 4 | D39: TT.4 (Crítico) Control de tiempo/temperatura para seguridad (TCS) Los alimentos en almacenamiento en caliente se mantienen a ≥ 135 °F (65°C) NOTA: Si no se mantiene caliente en esta ubicación, marque con un círculo los puntos obtenidos como 7 | E39: Yes | F39: =IF(OR(E39="Yes",E39="NA"),7,0) -> 7
C40: 5 | D40: TT.5 (Principal) Los termómetros están calibrados adecuadamente y en uso. | E40: Yes | F40: =IF(E40="Yes",5,0) -> 5
B41: Buenas prácticas de venta minorista | C41: 1 | D41: GRP.1 (Mayor) Los alimentos y envases se almacenan de manera que estén protegidos y se cumplen todos los requisitos de gestión de alérgenos. | E41: Yes | F41: =IF(E41="Yes",5,0) -> 5
C42: 2 | D42: GRP.2 (Mayor) Las superficies en contacto con alimentos están protegidas de la contaminación y se manipulan adecuadamente. | E42: Yes | F42: =IF(E42="Yes",5,0) -> 5
C43: 3 | D43: GRP.3 (Crítico) Se han establecido normas de prevención de la contaminación y se siguen adecuadamente las prácticas para prevenir la contaminación cruzada. | E43: Yes | F43: =IF(E43="Yes",7,0) -> 7
A44: U | C44: 4 | D44: GRP.4 (Menor) Todos los alimentos están aprobados, dentro del código de fecha y etiquetados correctamente. | E44: Yes | F44: =IF(E44="Yes",1,0) -> 1
C45: 5 | D45: GRP.5 (Menor) El embalaje se utiliza de forma aprobada | E45: Yes | F45: =IF(E45="Yes",1,0) -> 1
B46: Manejo de plagas | C46: 1 | D46: PM.1 (Crítico) El restaurante está libre de evidencia de plagas y está recibiendo servicio de control de plagas. | E46: Yes | F46: =IF(E46="Yes",7,0) -> 7
C47: 2 | D47: PM.2 (Mayor) Todo el equipo de control de plagas requerido está presente y el servicio de control de plagas se realiza al menos una vez al mes. | E47: Yes | F47: =IF(E47="Yes",5,0) -> 5
C48: 3 | D48: PM.3 (Menor) Toda la documentación requerida sobre plagas está disponible (licencia, informes, etc.) | E48: Yes | F48: =IF(E48="Yes",1,0) -> 1
B49: Documentación | C49: 1 | D49: DOC.1 (Menor) Los documentos de temperatura de mantenimiento en frío (incluidos los registros de enfriamiento y descongelación) están completos, son precisos y incluyen acciones correctivas. | E49: Yes | F49: =IF(E49="Yes",1,0) -> 1
C50: 2 | D50: DOC.2 (Menor) Los documentos de temperatura de cocción están completos, son precisos y incluyen acciones correctivas.NOTA: Si no se cocina en esta ubicación, marque con un círculo los puntos obtenidos como 1 | E50: Yes | F50: =IF(OR(E50="Yes",E50="NA"),1,0) -> 1
C51: 3 | D51: DOC.3 (Menor) Los documentos de temperatura de mantenimiento en caliente están completos, son precisos y incluyen acciones correctivas.NOTA: Si no se mantiene caliente en esta ubicación, marque con un círculo los puntos obtenidos como 1 | E51: Yes | F51: =IF(OR(E51="Yes",E51="NA"),1,0) -> 1
C52: 4 | D52: DOC.4 (Menor) Los documentos recibidos están completos, son precisos y tienen acciones correctivas. | E52: Yes | F52: =IF(E52="Yes",1,0) -> 1
C53: 5 | D53: DOC.5 (Menor) La documentación y los recursos adicionales requeridos en materia de seguridad alimentaria están presentes y son accesibles según sea necesario. | E53: Yes | F53: =IF(E53="Yes",1,0) -> 1

Sheet P.A. PV 296
B2: Una plantilla de plan de acción mensual de InspireUtilice los resultados de One Inspire para crear un plan de acción para cerrar las brechas con los estándares de la marca. Todo aquello que no haya obtenido una puntuación "sí" en One Inspire es una brecha. Utilice el formato de objetivo SMART (específico, medible, alcanzable, realista y oportuno).
B3: OBJETIVO 1
B4: META:
B5: Accion correctiva / Plan de accion | C5: Responsable | D5: Fecha de ejecucion prevista | E5: Comentarios | F5: Fecha de cierre real (¿Terminado?)
D6: Fecha | E6: Comentarios | F6: Fecha (¿Hecho?)
B18: OBJETIVO 2
B19: META:
B20: Accion correctiva / Plan de accion | C20: MANTENIMIENTO | D20: Fecha de ejecucion prevista | E20: Comentarios | F20: Fecha de cierre real (¿Terminado?)
D21: Fecha | E21: Comentarios | F21: Fecha (¿Hecho?)
B32: OBJETIVO 3
B33: META:
B34: Accion correctiva / Plan de accion | C34: Responsable | D34: Fecha de ejecucion prevista | E34: Comentarios | F34: Fecha de cierre real (¿Terminado?)
D35: Fecha | E35: Comentarios | F35: Fecha (¿Hecho?)

Sheet EOR PV 106
B1: Evaluación de seguridad alimentaria One Inspire
B3: Nombre y ubicación de la tienda: | C3: PV 106 CALLE 140 # 12-51 BQ A
B4: Nombre de la persona que completa el formulario | C4: JENNIFER QUINTERO - CAROLINA ZAMORA | G4: Riesgos inminentes para la salud | H4: =IF(COUNTIF(BB6,"0")>0,"PASA","NO PASA") -> PASA | BA4: Sí | BB4: =COUNTIF(E17:F23,BA4) -> 0 | BC4: 0 RSI
B5: Fecha | C5: 46276 | G5: Categoría | H5: Puntos disponibles | I5: Puntos otorgados | J5: Porcentaje
G6: Limpieza y Saneamiento | H6: 31 | I6: =SUM(F25:F31) -> 31 | J6: =I6/H6 -> 1 | BA6: No | BB6: =COUNTIF(E17:F23,BA6) -> 0 | BC6: RSI
B7: Puntuación: Valores en puntos | C7: 1. Cada pregunta vale 1, 5 o 7 puntos (los puntos son todo o nada) para un total de 117 puntos posibles. | G7: Salud e higiene de los empleados | H7: 18 | I7: =SUM(F32:F35) -> 18 | J7: =I7/H7 -> 1 | BA7: Curado en el momento | BB7: =COUNTIF(E17:F23,BA7) -> 0 | BC7: RSI CIM
C8: 2. Riesgo inminente para la salud (IHR): No hay valores asignados a las 7 preguntas; marque dentro de la pregunta crítica sistémica apropiada, escale el problema según sea necesario y aplique acciones correctivas inmediatas. Si hay un riesgo inminente para la salud (IHR) en el momento de la evaluación, entonces la pregunta crítica correspondiente dentro de la evaluación debe marcarse con un "No", independientemente de si el IHR se cura en el momento. Si hay un IHR, la revisión continuará y se completará en su totalidad para ayudar a descubrir la causa raíz del IHR. | G8: Hora y temperatura | H8: 31 | I8: =SUM(F36:F40) -> 31 | J8: =I8/H8 -> 1
G9: Buenas prácticas de venta minorista | H9: 19 | I9: =SUM(F41:F45) -> 19 | J9: =I9/H9 -> 1
G10: Manejo de plagas | H10: 13 | I10: =SUM(F46:F48) -> 13 | J10: =I10/H10 -> 1
B11: Calificaciones de riesgo | C11: Actividades de seguimiento | G11: Documentación | H11: 5 | I11: =SUM(F49:F53) -> 5 | J11: =I11/H11 -> 1
B12: Riesgo bajo 90% o más | C12: El restaurante cumple con la mayoría de los estándares de seguridad alimentaria. Las acciones correctivas para todos los hallazgos deben tomarse dentro de los 5 días posteriores a la recepción del informe de evaluación final. Realice un seguimiento con el equipo del restaurante para asegurarse de que se corrijan las oportunidades, se capacite a los miembros del equipo, etc. | G12: Total | H12: =SUM(H6:H11) -> 117 | I12: =SUM(I6:I11) -> 117 | J12: =I12/H12 -> 1
B13: Riesgo moderado 71% – 89% | C13: El restaurante cumple con algunas normas de seguridad alimentaria. Las medidas correctivas para todos los hallazgos deben tomarse dentro de los 5 días posteriores a la recepción del informe de evaluación final. Es posible que sea necesario realizar una documentación de seguimiento o una nueva visita para cualquier problema que no se haya corregido en el momento.
B14: Riesgo alto 70% o menos | C14: El restaurante no cumple con los estándares de seguridad alimentaria. Las acciones correctivas para todos los hallazgos deben tomarse dentro de los 5 días posteriores a la recepción del informe de evaluación final. Se debe realizar una nueva evaluación dentro de los 30 a 45 días para verificar que se corrijan las oportunidades y se eliminen las causas fundamentales. | G14: Puntuación FSA % y resultado de riesgo | I14: =J12 -> 1
B16: Riesgos inminentes para la salud | E16: Respuesta | G16: Comentarios
B17: Riesgos inminentes para la salud | C17: 1 | D17: IHR.1 Hay agua corriente caliente y fría disponible NOTA: Citar bajo pregunta GRP.3 | E17: Yes | AY17: =E17 -> Yes | BA17: Sí | BB17: =COUNTIF(AY17:AY23,BA17) -> 0 | BC17: 0 RSI
C18: 2 | D18: RSI.2 El gerente y los miembros del equipo están libres de enfermedades y síntomas NOTA: Citar bajo la pregunta GRP.3 | E18: Yes | AY18: =E18 -> Yes | BA18: No | BB18: =COUNTIF(AY17:AY23,BA18) -> 0 | BC18: RSI
C19: 3 | D19: RSI.3 Libre de productos adulterados/contaminados NOTA: Citar bajo pregunta GRP.3 | E19: Yes | AY19: =E19 -> Yes | BA19: Curado en el momento | BB19: =COUNTIF(AY17:AY23,BA19) -> 0 | BC19: RSI CIM
C20: 4 | D20: IHR.4 Libre de inundaciones/respaldo de alcantarillado NOTA: Citar bajo pregunta GRP.3 | E20: Yes | AY20: =E20 -> Yes
C21: 5 | D21: IHR.5 Libre de infestaciones de plagas que provoquen contaminación de alimentos y superficies en contacto. NOTA: Citar bajo la pregunta PM.1 | E21: Yes
C22: 6 | D22: IHR.6 Restaurante cuenta con sanitizante NOTA: Citar bajo pregunta GRP.3 | E22: Yes | AY22: =E22 -> Yes
C23: 7 | D23: IHR.7 Se proporcionan lavabos para lavarse las manos NOTA: Citar bajo pregunta GRP.3 | E23: Yes | AY23: =E23 -> Yes
B24: Sistemas de seguridad alimentaria en el comercio minorista | E24: Respuesta | F24: Agujas | G24: Comentarios
B25: Limpieza y Saneamiento | C25: 1 | D25: CS.1 (Mayor) El agua caliente alcanza un mínimo de 85 °F (29 °C) en todos los lavamanos, 110 °F (43 °C) en los lavaplatos y 160 °F (71 °C) de temperatura superficial en todas las máquinas lavaplatos de alta temperatura. | E25: Yes | F25: =IF(E25="Yes",5,0) -> 5
C26: 2 | D26: CS.2 (Principal) El desinfectante se encuentra en la concentración adecuada en todos los lavabos, baldes, tazas y lavadoras de vajilla a baja temperatura. | E26: Yes | F26: =IF(E26="Yes",5,0) -> 5
C27: 3 | D27: CS.3 (Principal) Todos los productos químicos están aprobados, etiquetados adecuadamente y almacenados correctamente. | E27: Yes | F27: =IF(E27="Yes",5,0) -> 5
C28: 4 | D28: CS.4 (Menor) Locales exteriores e interiores (parte trasera de la casa) Las superficies que no entran en contacto con alimentos están limpias y se mantienen | E28: Yes | F28: =IF(E28="Yes",1,0) -> 1
C29: 5 | D29: CS.5 (Menor) Todos los fregaderos y lavavajillas están instalados correctamente y se utilizan adecuadamente. | E29: Yes | F29: =IF(E29="Yes",1,0) -> 1
C30: 6 | D30: CS.6 (Crítico) Los equipos en uso y las mesas de preparación se limpian y desinfectan con la frecuencia adecuada y se mantienen | E30: Yes | F30: =IF(E30="Yes",7,0) -> 7
C31: 7 | D31: CS.7 (Crítico) Los utensilios en uso y los artículos pequeños se limpian y desinfectan con la frecuencia adecuada y se mantienen | E31: Yes | F31: =IF(E31="Yes",7,0) -> 7
B32: Salud e higiene de los empleados | C32: 1 | D32: EH.1 (Menor) La persona a cargo comprende los estándares de marca para enfermedades y síntomas notificables y los miembros del equipo saben qué informar. | E32: Yes | F32: =IF(E32="Yes",1,0) -> 1
C33: 2 | D33: EH.2 (Mayor) Los lavabos para lavarse las manos están completamente abastecidos y los miembros del equipo se lavan las manos correctamente. | E33: Yes | F33: =IF(E33="Yes",5,0) -> 5
C34: 3 | D34: EH.3 (Mayor) Los miembros del equipo están siguiendo prácticas de higiene. | E34: Yes | F34: =IF(E34="Yes",5,0) -> 5
C35: 4 | D35: EH.4 (Crítico) Los miembros del equipo usan guantes correctamente y evitan el contacto con las manos desnudas. | E35: Yes | F35: =IF(E35="Yes",7,0) -> 7
B36: Hora y temperatura | C36: 1 | D36: TT.1 (Crítico) Alimentos refrigerados mantenidos a 41 °F (5°C) o menos | E36: Yes | F36: =IF(E36="Yes",7,0) -> 7
C37: 2 | D37: TT.2 (Principal) Control de tiempo y temperatura para seguridad (TCS) Los alimentos se manipulan adecuadamente | E37: Yes | F37: =IF(E37="Yes",5,0) -> 5
C38: 3 | D38: TT.3 (Crítico) Los alimentos se cocinan a la temperatura correcta.NOTA: Si la comida no se cocina en este lugar, marque con un círculo los puntos obtenidos como 7 | E38: Yes | F38: =IF(OR(E38="Yes",E38="NA"),7,0) -> 7
C39: 4 | D39: TT.4 (Crítico) Control de tiempo/temperatura para seguridad (TCS) Los alimentos en almacenamiento en caliente se mantienen a ≥ 135 °F (65°C) NOTA: Si no se mantiene caliente en esta ubicación, marque con un círculo los puntos obtenidos como 7 | E39: Yes | F39: =IF(OR(E39="Yes",E39="NA"),7,0) -> 7
C40: 5 | D40: TT.5 (Principal) Los termómetros están calibrados adecuadamente y en uso. | E40: Yes | F40: =IF(E40="Yes",5,0) -> 5
B41: Buenas prácticas de venta minorista | C41: 1 | D41: GRP.1 (Mayor) Los alimentos y envases se almacenan de manera que estén protegidos y se cumplen todos los requisitos de gestión de alérgenos. | E41: Yes | F41: =IF(E41="Yes",5,0) -> 5
C42: 2 | D42: GRP.2 (Mayor) Las superficies en contacto con alimentos están protegidas de la contaminación y se manipulan adecuadamente. | E42: Yes | F42: =IF(E42="Yes",5,0) -> 5
C43: 3 | D43: GRP.3 (Crítico) Se han establecido normas de prevención de la contaminación y se siguen adecuadamente las prácticas para prevenir la contaminación cruzada. | E43: Yes | F43: =IF(E43="Yes",7,0) -> 7
C44: 4 | D44: GRP.4 (Menor) Todos los alimentos están aprobados, dentro del código de fecha y etiquetados correctamente. | E44: Yes | F44: =IF(E44="Yes",1,0) -> 1
C45: 5 | D45: GRP.5 (Menor) El embalaje se utiliza de forma aprobada | E45: Yes | F45: =IF(E45="Yes",1,0) -> 1
B46: Manejo de plagas | C46: 1 | D46: PM.1 (Crítico) El restaurante está libre de evidencia de plagas y está recibiendo servicio de control de plagas. | E46: Yes | F46: =IF(E46="Yes",7,0) -> 7
C47: 2 | D47: PM.2 (Mayor) Todo el equipo de control de plagas requerido está presente y el servicio de control de plagas se realiza al menos una vez al mes. | E47: Yes | F47: =IF(E47="Yes",5,0) -> 5
C48: 3 | D48: PM.3 (Menor) Toda la documentación requerida sobre plagas está disponible (licencia, informes, etc.) | E48: Yes | F48: =IF(E48="Yes",1,0) -> 1
B49: Documentación | C49: 1 | D49: DOC.1 (Menor) Los documentos de temperatura de mantenimiento en frío (incluidos los registros de enfriamiento y descongelación) están completos, son precisos y incluyen acciones correctivas. | E49: Yes | F49: =IF(E49="Yes",1,0) -> 1
C50: 2 | D50: DOC.2 (Menor) Los documentos de temperatura de cocción están completos, son precisos y incluyen acciones correctivas.NOTA: Si no se cocina en esta ubicación, marque con un círculo los puntos obtenidos como 1 | E50: Yes | F50: =IF(OR(E50="Yes",E50="NA"),1,0) -> 1
C51: 3 | D51: DOC.3 (Menor) Los documentos de temperatura de mantenimiento en caliente están completos, son precisos y incluyen acciones correctivas.NOTA: Si no se mantiene caliente en esta ubicación, marque con un círculo los puntos obtenidos como 1 | E51: NA | F51: =IF(OR(E51="Yes",E51="NA"),1,0) -> 1
C52: 4 | D52: DOC.4 (Menor) Los documentos recibidos están completos, son precisos y tienen acciones correctivas. | E52: Yes | F52: =IF(E52="Yes",1,0) -> 1
C53: 5 | D53: DOC.5 (Menor) La documentación y los recursos adicionales requeridos en materia de seguridad alimentaria están presentes y son accesibles según sea necesario. | E53: Yes | F53: =IF(E53="Yes",1,0) -> 1

Sheet P.A. PV 106
B2: Una plantilla de plan de acción mensual de InspireUtilice los resultados de One Inspire para crear un plan de acción para cerrar las brechas con los estándares de la marca. Todo aquello que no haya obtenido una puntuación "sí" en One Inspire es una brecha. Utilice el formato de objetivo SMART (específico, medible, alcanzable, realista y oportuno).
B3: OBJETIVO 1
B4: META:
B5: Accion correctiva / Plan de accion | C5: Responsable | D5: Fecha de ejecucion prevista | E5: Comentarios | F5: Fecha de cierre real (¿Terminado?)
D6: Fecha | E6: Comentarios | F6: Fecha (¿Hecho?)
B7: Reforzar limpieza en rincones para evitar exceso de polvo | C7: JENNIFER QUINTERO | D7: INMEDIATO
B8: Soliictra fumigacion y mantenimiento para cerrar huecos que ayuden a la proiferacion de plagas | C8: JENNIFER QUINTERO | D8: 46295
B9: Realizar constante retroalimentacion sobre procesos de higiene y lavado de manos | C9: JENNIFER QUINTERO | D9: 46295
B18: OBJETIVO 2
B19: META:
B20: Accion correctiva / Plan de accion | C20: Responsable | D20: Fecha de ejecucion prevista | E20: Comentarios | F20: Fecha de cierre real (¿Terminado?)
D21: Fecha | E21: Comentarios | F21: Fecha (¿Hecho?)
B32: OBJETIVO 3
B33: META:
B34: Accion correctiva / Plan de accion | C34: Responsable | D34: Fecha de ejecucion prevista | E34: Comentarios | F34: Fecha de cierre real (¿Terminado?)
D35: Fecha | E35: Comentarios | F35: Fecha (¿Hecho?)

Sheet EOR PV295
B1: Evaluación de seguridad alimentaria One Inspire
B3: Nombre y ubicación de la tienda: | C3: PV 295 EDIFICIO SOKO CALLE 147 #19-45
B4: Nombre de la persona que completa el formulario | C4: JENNIFER QUINTERO - CAROLINA ZAMORA CASTILLO | G4: Riesgos inminentes para la salud | H4: =IF(COUNTIF(BB6,"0")>0,"PASA","NO PASA") -> PASA | BA4: Sí | BB4: =COUNTIF(E17:F23,BA4) -> 0 | BC4: 0 RSI
B5: Fecha | C5: 46276 | G5: Categoría | H5: Puntos disponibles | I5: Puntos otorgados | J5: Porcentaje
G6: Limpieza y Saneamiento | H6: 31 | I6: =SUM(F25:F31) -> 31 | J6: =I6/H6 -> 1 | BA6: No | BB6: =COUNTIF(E17:F23,BA6) -> 0 | BC6: RSI
B7: Puntuación: Valores en puntos | C7: 1. Cada pregunta vale 1, 5 o 7 puntos (los puntos son todo o nada) para un total de 117 puntos posibles. | G7: Salud e higiene de los empleados | H7: 18 | I7: =SUM(F32:F35) -> 18 | J7: =I7/H7 -> 1 | BA7: Curado en el momento | BB7: =COUNTIF(E17:F23,BA7) -> 0 | BC7: RSI CIM
C8: 2. Riesgo inminente para la salud (IHR): No hay valores asignados a las 7 preguntas; marque dentro de la pregunta crítica sistémica apropiada, escale el problema según sea necesario y aplique acciones correctivas inmediatas. Si hay un riesgo inminente para la salud (IHR) en el momento de la evaluación, entonces la pregunta crítica correspondiente dentro de la evaluación debe marcarse con un "No", independientemente de si el IHR se cura en el momento. Si hay un IHR, la revisión continuará y se completará en su totalidad para ayudar a descubrir la causa raíz del IHR. | G8: Hora y temperatura | H8: 31 | I8: =SUM(F36:F40) -> 31 | J8: =I8/H8 -> 1
G9: Buenas prácticas de venta minorista | H9: 19 | I9: =SUM(F41:F45) -> 19 | J9: =I9/H9 -> 1
G10: Manejo de plagas | H10: 13 | I10: =SUM(F46:F48) -> 13 | J10: =I10/H10 -> 1
B11: Calificaciones de riesgo | C11: Actividades de seguimiento | G11: Documentación | H11: 5 | I11: =SUM(F49:F53) -> 5 | J11: =I11/H11 -> 1
B12: Riesgo bajo 90% o más | C12: El restaurante cumple con la mayoría de los estándares de seguridad alimentaria. Las acciones correctivas para todos los hallazgos deben tomarse dentro de los 5 días posteriores a la recepción del informe de evaluación final. Realice un seguimiento con el equipo del restaurante para asegurarse de que se corrijan las oportunidades, se capacite a los miembros del equipo, etc. | G12: Total | H12: =SUM(H6:H11) -> 117 | I12: =SUM(I6:I11) -> 117 | J12: =I12/H12 -> 1
B13: Riesgo moderado 71% – 89% | C13: El restaurante cumple con algunas normas de seguridad alimentaria. Las medidas correctivas para todos los hallazgos deben tomarse dentro de los 5 días posteriores a la recepción del informe de evaluación final. Es posible que sea necesario realizar una documentación de seguimiento o una nueva visita para cualquier problema que no se haya corregido en el momento.
B14: Riesgo alto 70% o menos | C14: El restaurante no cumple con los estándares de seguridad alimentaria. Las acciones correctivas para todos los hallazgos deben tomarse dentro de los 5 días posteriores a la recepción del informe de evaluación final. Se debe realizar una nueva evaluación dentro de los 30 a 45 días para verificar que se corrijan las oportunidades y se eliminen las causas fundamentales. | G14: Puntuación FSA % y resultado de riesgo | I14: =J12 -> 1
B16: Riesgos inminentes para la salud | E16: Respuesta | G16: Comentarios
B17: Riesgos inminentes para la salud | C17: 1 | D17: IHR.1 Hay agua corriente caliente y fría disponible NOTA: Citar bajo pregunta GRP.3 | E17: Yes | AY17: =E17 -> Yes | BA17: Sí | BB17: =COUNTIF(AY17:AY23,BA17) -> 0 | BC17: 0 RSI
C18: 2 | D18: RSI.2 El gerente y los miembros del equipo están libres de enfermedades y síntomas NOTA: Citar bajo la pregunta GRP.3 | E18: Yes | AY18: =E18 -> Yes | BA18: No | BB18: =COUNTIF(AY17:AY23,BA18) -> 0 | BC18: RSI
C19: 3 | D19: RSI.3 Libre de productos adulterados/contaminados NOTA: Citar bajo pregunta GRP.3 | E19: Yes | AY19: =E19 -> Yes | BA19: Curado en el momento | BB19: =COUNTIF(AY17:AY23,BA19) -> 0 | BC19: RSI CIM
C20: 4 | D20: IHR.4 Libre de inundaciones/respaldo de alcantarillado NOTA: Citar bajo pregunta GRP.3 | E20: Yes | AY20: =E20 -> Yes
C21: 5 | D21: IHR.5 Libre de infestaciones de plagas que provoquen contaminación de alimentos y superficies en contacto. NOTA: Citar bajo la pregunta PM.1 | E21: Yes
C22: 6 | D22: IHR.6 Restaurante cuenta con sanitizante NOTA: Citar bajo pregunta GRP.3 | E22: Yes | AY22: =E22 -> Yes
C23: 7 | D23: IHR.7 Se proporcionan lavabos para lavarse las manos NOTA: Citar bajo pregunta GRP.3 | E23: Yes | AY23: =E23 -> Yes
B24: Sistemas de seguridad alimentaria en el comercio minorista | E24: Respuesta | F24: Agujas | G24: Comentarios
B25: Limpieza y Saneamiento | C25: 1 | D25: CS.1 (Mayor) El agua caliente alcanza un mínimo de 85 °F (29 °C) en todos los lavamanos, 110 °F (43 °C) en los lavaplatos y 160 °F (71 °C) de temperatura superficial en todas las máquinas lavaplatos de alta temperatura. | E25: Yes | F25: =IF(E25="Yes",5,0) -> 5
C26: 2 | D26: CS.2 (Principal) El desinfectante se encuentra en la concentración adecuada en todos los lavabos, baldes, tazas y lavadoras de vajilla a baja temperatura. | E26: Yes | F26: =IF(E26="Yes",5,0) -> 5
C27: 3 | D27: CS.3 (Principal) Todos los productos químicos están aprobados, etiquetados adecuadamente y almacenados correctamente. | E27: Yes | F27: =IF(E27="Yes",5,0) -> 5
C28: 4 | D28: CS.4 (Menor) Locales exteriores e interiores (parte trasera de la casa) Las superficies que no entran en contacto con alimentos están limpias y se mantienen | E28: Yes | F28: =IF(E28="Yes",1,0) -> 1
C29: 5 | D29: CS.5 (Menor) Todos los fregaderos y lavavajillas están instalados correctamente y se utilizan adecuadamente. | E29: Yes | F29: =IF(E29="Yes",1,0) -> 1
C30: 6 | D30: CS.6 (Crítico) Los equipos en uso y las mesas de preparación se limpian y desinfectan con la frecuencia adecuada y se mantienen | E30: Yes | F30: =IF(E30="Yes",7,0) -> 7
C31: 7 | D31: CS.7 (Crítico) Los utensilios en uso y los artículos pequeños se limpian y desinfectan con la frecuencia adecuada y se mantienen | E31: Yes | F31: =IF(E31="Yes",7,0) -> 7
B32: Salud e higiene de los empleados | C32: 1 | D32: EH.1 (Menor) La persona a cargo comprende los estándares de marca para enfermedades y síntomas notificables y los miembros del equipo saben qué informar. | E32: Yes | F32: =IF(E32="Yes",1,0) -> 1
C33: 2 | D33: EH.2 (Mayor) Los lavabos para lavarse las manos están completamente abastecidos y los miembros del equipo se lavan las manos correctamente. | E33: Yes | F33: =IF(E33="Yes",5,0) -> 5
C34: 3 | D34: EH.3 (Mayor) Los miembros del equipo están siguiendo prácticas de higiene. | E34: Yes | F34: =IF(E34="Yes",5,0) -> 5
C35: 4 | D35: EH.4 (Crítico) Los miembros del equipo usan guantes correctamente y evitan el contacto con las manos desnudas. | E35: Yes | F35: =IF(E35="Yes",7,0) -> 7
B36: Hora y temperatura | C36: 1 | D36: TT.1 (Crítico) Alimentos refrigerados mantenidos a 41 °F (5°C) o menos | E36: Yes | F36: =IF(E36="Yes",7,0) -> 7
C37: 2 | D37: TT.2 (Principal) Control de tiempo y temperatura para seguridad (TCS) Los alimentos se manipulan adecuadamente | E37: Yes | F37: =IF(E37="Yes",5,0) -> 5
C38: 3 | D38: TT.3 (Crítico) Los alimentos se cocinan a la temperatura correcta.NOTA: Si la comida no se cocina en este lugar, marque con un círculo los puntos obtenidos como 7 | E38: Yes | F38: =IF(OR(E38="Yes",E38="NA"),7,0) -> 7
C39: 4 | D39: TT.4 (Crítico) Control de tiempo/temperatura para seguridad (TCS) Los alimentos en almacenamiento en caliente se mantienen a ≥ 135 °F (65°C) NOTA: Si no se mantiene caliente en esta ubicación, marque con un círculo los puntos obtenidos como 7 | E39: NA | F39: =IF(OR(E39="Yes",E39="NA"),7,0) -> 7
C40: 5 | D40: TT.5 (Principal) Los termómetros están calibrados adecuadamente y en uso. | E40: Yes | F40: =IF(E40="Yes",5,0) -> 5
B41: Buenas prácticas de venta minorista | C41: 1 | D41: GRP.1 (Mayor) Los alimentos y envases se almacenan de manera que estén protegidos y se cumplen todos los requisitos de gestión de alérgenos. | E41: Yes | F41: =IF(E41="Yes",5,0) -> 5
C42: 2 | D42: GRP.2 (Mayor) Las superficies en contacto con alimentos están protegidas de la contaminación y se manipulan adecuadamente. | E42: Yes | F42: =IF(E42="Yes",5,0) -> 5
C43: 3 | D43: GRP.3 (Crítico) Se han establecido normas de prevención de la contaminación y se siguen adecuadamente las prácticas para prevenir la contaminación cruzada. | E43: Yes | F43: =IF(E43="Yes",7,0) -> 7
C44: 4 | D44: GRP.4 (Menor) Todos los alimentos están aprobados, dentro del código de fecha y etiquetados correctamente. | E44: Yes | F44: =IF(E44="Yes",1,0) -> 1
C45: 5 | D45: GRP.5 (Menor) El embalaje se utiliza de forma aprobada | E45: Yes | F45: =IF(E45="Yes",1,0) -> 1
B46: Manejo de plagas | C46: 1 | D46: PM.1 (Crítico) El restaurante está libre de evidencia de plagas y está recibiendo servicio de control de plagas. | E46: Yes | F46: =IF(E46="Yes",7,0) -> 7
C47: 2 | D47: PM.2 (Mayor) Todo el equipo de control de plagas requerido está presente y el servicio de control de plagas se realiza al menos una vez al mes. | E47: Yes | F47: =IF(E47="Yes",5,0) -> 5
C48: 3 | D48: PM.3 (Menor) Toda la documentación requerida sobre plagas está disponible (licencia, informes, etc.) | E48: Yes | F48: =IF(E48="Yes",1,0) -> 1
B49: Documentación | C49: 1 | D49: DOC.1 (Menor) Los documentos de temperatura de mantenimiento en frío (incluidos los registros de enfriamiento y descongelación) están completos, son precisos y incluyen acciones correctivas. | E49: Yes | F49: =IF(E49="Yes",1,0) -> 1
C50: 2 | D50: DOC.2 (Menor) Los documentos de temperatura de cocción están completos, son precisos y incluyen acciones correctivas.NOTA: Si no se cocina en esta ubicación, marque con un círculo los puntos obtenidos como 1 | E50: Yes | F50: =IF(OR(E50="Yes",E50="NA"),1,0) -> 1
C51: 3 | D51: DOC.3 (Menor) Los documentos de temperatura de mantenimiento en caliente están completos, son precisos y incluyen acciones correctivas.NOTA: Si no se mantiene caliente en esta ubicación, marque con un círculo los puntos obtenidos como 1 | E51: Yes | F51: =IF(OR(E51="Yes",E51="NA"),1,0) -> 1
C52: 4 | D52: DOC.4 (Menor) Los documentos recibidos están completos, son precisos y tienen acciones correctivas. | E52: Yes | F52: =IF(E52="Yes",1,0) -> 1
C53: 5 | D53: DOC.5 (Menor) La documentación y los recursos adicionales requeridos en materia de seguridad alimentaria están presentes y son accesibles según sea necesario. | E53: Yes | F53: =IF(E53="Yes",1,0) -> 1

Sheet P.A. PV295
B2: Una plantilla de plan de acción mensual de InspireUtilice los resultados de One Inspire para crear un plan de acción para cerrar las brechas con los estándares de la marca. Todo aquello que no haya obtenido una puntuación "sí" en One Inspire es una brecha. Utilice el formato de objetivo SMART (específico, medible, alcanzable, realista y oportuno).
B3: OBJETIVO 1
B4: META:
B5: Accion correctiva / Plan de accion | C5: Responsable | D5: Fecha de ejecucion prevista | E5: Comentarios | F5: Fecha de cierre real (¿Terminado?)
D6: Fecha | E6: Comentarios | F6: Fecha (¿Hecho?)
B18: OBJETIVO 2
B19: META:
B20: Accion correctiva / Plan de accion | C20: MANTENIMIENTO | D20: Fecha de ejecucion prevista | E20: Comentarios | F20: Fecha de cierre real (¿Terminado?)
D21: Fecha | E21: Comentarios | F21: Fecha (¿Hecho?)
B32: OBJETIVO 3
B33: META:
B34: Accion correctiva / Plan de accion | C34: Responsable | D34: Fecha de ejecucion prevista | E34: Comentarios | F34: Fecha de cierre real (¿Terminado?)
D35: Fecha | E35: Comentarios | F35: Fecha (¿Hecho?)

Sheet EOR PV 257
B1: Evaluación de seguridad alimentaria One Inspire
B3: Nombre y ubicación de la tienda: | C3: PV 257 ALCALA CALLE 134
B4: Nombre de la persona que completa el formulario | C4: EVERLEY GIL - CAROLINA ZAMORA | G4: Riesgos inminentes para la salud | H4: =IF(COUNTIF(BB6,"0")>0,"PASA","NO PASA") -> PASA | BA4: Sí | BB4: =COUNTIF(E17:F23,BA4) -> 0 | BC4: 0 RSI
B5: Fecha | C5: 46277 | G5: Categoría | H5: Puntos disponibles | I5: Puntos otorgados | J5: Porcentaje
G6: Limpieza y Saneamiento | H6: 31 | I6: =SUM(F25:F31) -> 31 | J6: =I6/H6 -> 1 | BA6: No | BB6: =COUNTIF(E17:F23,BA6) -> 0 | BC6: RSI
B7: Puntuación: Valores en puntos | C7: 1. Cada pregunta vale 1, 5 o 7 puntos (los puntos son todo o nada) para un total de 117 puntos posibles. | G7: Salud e higiene de los empleados | H7: 18 | I7: =SUM(F32:F35) -> 18 | J7: =I7/H7 -> 1 | BA7: Curado en el momento | BB7: =COUNTIF(E17:F23,BA7) -> 0 | BC7: RSI CIM
C8: 2. Riesgo inminente para la salud (IHR): No hay valores asignados a las 7 preguntas; marque dentro de la pregunta crítica sistémica apropiada, escale el problema según sea necesario y aplique acciones correctivas inmediatas. Si hay un riesgo inminente para la salud (IHR) en el momento de la evaluación, entonces la pregunta crítica correspondiente dentro de la evaluación debe marcarse con un "No", independientemente de si el IHR se cura en el momento. Si hay un IHR, la revisión continuará y se completará en su totalidad para ayudar a descubrir la causa raíz del IHR. | G8: Hora y temperatura | H8: 31 | I8: =SUM(F36:F40) -> 31 | J8: =I8/H8 -> 1
G9: Buenas prácticas de venta minorista | H9: 19 | I9: =SUM(F41:F45) -> 19 | J9: =I9/H9 -> 1
G10: Manejo de plagas | H10: 13 | I10: =SUM(F46:F48) -> 13 | J10: =I10/H10 -> 1
B11: Calificaciones de riesgo | C11: Actividades de seguimiento | G11: Documentación | H11: 5 | I11: =SUM(F49:F53) -> 5 | J11: =I11/H11 -> 1
B12: Riesgo bajo 90% o más | C12: El restaurante cumple con la mayoría de los estándares de seguridad alimentaria. Las acciones correctivas para todos los hallazgos deben tomarse dentro de los 5 días posteriores a la recepción del informe de evaluación final. Realice un seguimiento con el equipo del restaurante para asegurarse de que se corrijan las oportunidades, se capacite a los miembros del equipo, etc. | G12: Total | H12: =SUM(H6:H11) -> 117 | I12: =SUM(I6:I11) -> 117 | J12: =I12/H12 -> 1
B13: Riesgo moderado 71% – 89% | C13: El restaurante cumple con algunas normas de seguridad alimentaria. Las medidas correctivas para todos los hallazgos deben tomarse dentro de los 5 días posteriores a la recepción del informe de evaluación final. Es posible que sea necesario realizar una documentación de seguimiento o una nueva visita para cualquier problema que no se haya corregido en el momento.
B14: Riesgo alto 70% o menos | C14: El restaurante no cumple con los estándares de seguridad alimentaria. Las acciones correctivas para todos los hallazgos deben tomarse dentro de los 5 días posteriores a la recepción del informe de evaluación final. Se debe realizar una nueva evaluación dentro de los 30 a 45 días para verificar que se corrijan las oportunidades y se eliminen las causas fundamentales. | G14: Puntuación FSA % y resultado de riesgo | I14: =J12 -> 1
B16: Riesgos inminentes para la salud | E16: Respuesta | G16: Comentarios
B17: Riesgos inminentes para la salud | C17: 1 | D17: IHR.1 Hay agua corriente caliente y fría disponible NOTA: Citar bajo pregunta GRP.3 | E17: Yes | AY17: =E17 -> Yes | BA17: Sí | BB17: =COUNTIF(AY17:AY23,BA17) -> 0 | BC17: 0 RSI
C18: 2 | D18: RSI.2 El gerente y los miembros del equipo están libres de enfermedades y síntomas NOTA: Citar bajo la pregunta GRP.3 | E18: Yes | AY18: =E18 -> Yes | BA18: No | BB18: =COUNTIF(AY17:AY23,BA18) -> 0 | BC18: RSI
C19: 3 | D19: RSI.3 Libre de productos adulterados/contaminados NOTA: Citar bajo pregunta GRP.3 | E19: Yes | AY19: =E19 -> Yes | BA19: Curado en el momento | BB19: =COUNTIF(AY17:AY23,BA19) -> 0 | BC19: RSI CIM
C20: 4 | D20: IHR.4 Libre de inundaciones/respaldo de alcantarillado NOTA: Citar bajo pregunta GRP.3 | E20: Yes | AY20: =E20 -> Yes
C21: 5 | D21: IHR.5 Libre de infestaciones de plagas que provoquen contaminación de alimentos y superficies en contacto. NOTA: Citar bajo la pregunta PM.1 | E21: Yes
C22: 6 | D22: IHR.6 Restaurante cuenta con sanitizante NOTA: Citar bajo pregunta GRP.3 | E22: Yes | AY22: =E22 -> Yes
C23: 7 | D23: IHR.7 Se proporcionan lavabos para lavarse las manos NOTA: Citar bajo pregunta GRP.3 | E23: Yes | AY23: =E23 -> Yes
B24: Sistemas de seguridad alimentaria en el comercio minorista | E24: Respuesta | F24: Agujas | G24: Comentarios
B25: Limpieza y Saneamiento | C25: 1 | D25: CS.1 (Mayor) El agua caliente alcanza un mínimo de 85 °F (29 °C) en todos los lavamanos, 110 °F (43 °C) en los lavaplatos y 160 °F (71 °C) de temperatura superficial en todas las máquinas lavaplatos de alta temperatura. | E25: Yes | F25: =IF(E25="Yes",5,0) -> 5
C26: 2 | D26: CS.2 (Principal) El desinfectante se encuentra en la concentración adecuada en todos los lavabos, baldes, tazas y lavadoras de vajilla a baja temperatura. | E26: Yes | F26: =IF(E26="Yes",5,0) -> 5
C27: 3 | D27: CS.3 (Principal) Todos los productos químicos están aprobados, etiquetados adecuadamente y almacenados correctamente. | E27: Yes | F27: =IF(E27="Yes",5,0) -> 5
C28: 4 | D28: CS.4 (Menor) Locales exteriores e interiores (parte trasera de la casa) Las superficies que no entran en contacto con alimentos están limpias y se mantienen | E28: Yes | F28: =IF(E28="Yes",1,0) -> 1
C29: 5 | D29: CS.5 (Menor) Todos los fregaderos y lavavajillas están instalados correctamente y se utilizan adecuadamente. | E29: Yes | F29: =IF(E29="Yes",1,0) -> 1
C30: 6 | D30: CS.6 (Crítico) Los equipos en uso y las mesas de preparación se limpian y desinfectan con la frecuencia adecuada y se mantienen | E30: Yes | F30: =IF(E30="Yes",7,0) -> 7
C31: 7 | D31: CS.7 (Crítico) Los utensilios en uso y los artículos pequeños se limpian y desinfectan con la frecuencia adecuada y se mantienen | E31: Yes | F31: =IF(E31="Yes",7,0) -> 7
B32: Salud e higiene de los empleados | C32: 1 | D32: EH.1 (Menor) La persona a cargo comprende los estándares de marca para enfermedades y síntomas notificables y los miembros del equipo saben qué informar. | E32: Yes | F32: =IF(E32="Yes",1,0) -> 1
C33: 2 | D33: EH.2 (Mayor) Los lavabos para lavarse las manos están completamente abastecidos y los miembros del equipo se lavan las manos correctamente. | E33: Yes | F33: =IF(E33="Yes",5,0) -> 5
C34: 3 | D34: EH.3 (Mayor) Los miembros del equipo están siguiendo prácticas de higiene. | E34: Yes | F34: =IF(E34="Yes",5,0) -> 5
C35: 4 | D35: EH.4 (Crítico) Los miembros del equipo usan guantes correctamente y evitan el contacto con las manos desnudas. | E35: Yes | F35: =IF(E35="Yes",7,0) -> 7
B36: Hora y temperatura | C36: 1 | D36: TT.1 (Crítico) Alimentos refrigerados mantenidos a 41 °F (5°C) o menos | E36: Yes | F36: =IF(E36="Yes",7,0) -> 7
C37: 2 | D37: TT.2 (Principal) Control de tiempo y temperatura para seguridad (TCS) Los alimentos se manipulan adecuadamente | E37: Yes | F37: =IF(E37="Yes",5,0) -> 5
C38: 3 | D38: TT.3 (Crítico) Los alimentos se cocinan a la temperatura correcta.NOTA: Si la comida no se cocina en este lugar, marque con un círculo los puntos obtenidos como 7 | E38: NA | F38: =IF(OR(E38="Yes",E38="NA"),7,0) -> 7
C39: 4 | D39: TT.4 (Crítico) Control de tiempo/temperatura para seguridad (TCS) Los alimentos en almacenamiento en caliente se mantienen a ≥ 135 °F (65°C) NOTA: Si no se mantiene caliente en esta ubicación, marque con un círculo los puntos obtenidos como 7 | E39: NA | F39: =IF(OR(E39="Yes",E39="NA"),7,0) -> 7
C40: 5 | D40: TT.5 (Principal) Los termómetros están calibrados adecuadamente y en uso. | E40: Yes | F40: =IF(E40="Yes",5,0) -> 5
B41: Buenas prácticas de venta minorista | C41: 1 | D41: GRP.1 (Mayor) Los alimentos y envases se almacenan de manera que estén protegidos y se cumplen todos los requisitos de gestión de alérgenos. | E41: Yes | F41: =IF(E41="Yes",5,0) -> 5
C42: 2 | D42: GRP.2 (Mayor) Las superficies en contacto con alimentos están protegidas de la contaminación y se manipulan adecuadamente. | E42: Yes | F42: =IF(E42="Yes",5,0) -> 5
C43: 3 | D43: GRP.3 (Crítico) Se han establecido normas de prevención de la contaminación y se siguen adecuadamente las prácticas para prevenir la contaminación cruzada. | E43: Yes | F43: =IF(E43="Yes",7,0) -> 7
C44: 4 | D44: GRP.4 (Menor) Todos los alimentos están aprobados, dentro del código de fecha y etiquetados correctamente. | E44: Yes | F44: =IF(E44="Yes",1,0) -> 1
C45: 5 | D45: GRP.5 (Menor) El embalaje se utiliza de forma aprobada | E45: Yes | F45: =IF(E45="Yes",1,0) -> 1
B46: Manejo de plagas | C46: 1 | D46: PM.1 (Crítico) El restaurante está libre de evidencia de plagas y está recibiendo servicio de control de plagas. | E46: Yes | F46: =IF(E46="Yes",7,0) -> 7
C47: 2 | D47: PM.2 (Mayor) Todo el equipo de control de plagas requerido está presente y el servicio de control de plagas se realiza al menos una vez al mes. | E47: Yes | F47: =IF(E47="Yes",5,0) -> 5
C48: 3 | D48: PM.3 (Menor) Toda la documentación requerida sobre plagas está disponible (licencia, informes, etc.) | E48: Yes | F48: =IF(E48="Yes",1,0) -> 1
B49: Documentación | C49: 1 | D49: DOC.1 (Menor) Los documentos de temperatura de mantenimiento en frío (incluidos los registros de enfriamiento y descongelación) están completos, son precisos y incluyen acciones correctivas. | E49: Yes | F49: =IF(E49="Yes",1,0) -> 1
C50: 2 | D50: DOC.2 (Menor) Los documentos de temperatura de cocción están completos, son precisos y incluyen acciones correctivas.NOTA: Si no se cocina en esta ubicación, marque con un círculo los puntos obtenidos como 1 | E50: Yes | F50: =IF(OR(E50="Yes",E50="NA"),1,0) -> 1
C51: 3 | D51: DOC.3 (Menor) Los documentos de temperatura de mantenimiento en caliente están completos, son precisos y incluyen acciones correctivas.NOTA: Si no se mantiene caliente en esta ubicación, marque con un círculo los puntos obtenidos como 1 | E51: NA | F51: =IF(OR(E51="Yes",E51="NA"),1,0) -> 1
C52: 4 | D52: DOC.4 (Menor) Los documentos recibidos están completos, son precisos y tienen acciones correctivas. | E52: Yes | F52: =IF(E52="Yes",1,0) -> 1
C53: 5 | D53: DOC.5 (Menor) La documentación y los recursos adicionales requeridos en materia de seguridad alimentaria están presentes y son accesibles según sea necesario. | E53: Yes | F53: =IF(E53="Yes",1,0) -> 1

Sheet P.A. PV 257
B2: Una plantilla de plan de acción mensual de InspireUtilice los resultados de One Inspire para crear un plan de acción para cerrar las brechas con los estándares de la marca. Todo aquello que no haya obtenido una puntuación "sí" en One Inspire es una brecha. Utilice el formato de objetivo SMART (específico, medible, alcanzable, realista y oportuno).
B3: OBJETIVO 1
B4: META:
B5: Accion correctiva / Plan de accion | C5: Responsable | D5: Fecha de ejecucion prevista | E5: Comentarios | F5: Fecha de cierre real (¿Terminado?)
D6: Fecha | E6: Comentarios | F6: Fecha (¿Hecho?)
B18: OBJETIVO 2
B19: META:
B20: Accion correctiva / Plan de accion | C20: Responsable | D20: Fecha de ejecucion prevista | E20: Comentarios | F20: Fecha de cierre real (¿Terminado?)
D21: Fecha | E21: Comentarios | F21: Fecha (¿Hecho?)
B32: OBJETIVO 3
B33: META:
B34: Accion correctiva / Plan de accion | C34: Responsable | D34: Fecha de ejecucion prevista | E34: Comentarios | F34: Fecha de cierre real (¿Terminado?)
D35: Fecha | E35: Comentarios | F35: Fecha (¿Hecho?)

Sheet EOR PV 141
B1: Evaluación de seguridad alimentaria One Inspire
B3: Nombre y ubicación de la tienda: | C3: PV 141 AV. 13 No. 125-91- ESTACION TERPEL AUTOPISTA NORTE
B4: Nombre de la persona que completa el formulario | C4: EVERLEY GIL - CAROLINA ZAMORA | G4: Riesgos inminentes para la salud | H4: =IF(COUNTIF(BB6,"0")>0,"PASA","NO PASA") -> PASA | BA4: Sí | BB4: =COUNTIF(E17:F23,BA4) -> 0 | BC4: 0 RSI
B5: Fecha | C5: 46277 | G5: Categoría | H5: Puntos disponibles | I5: Puntos otorgados | J5: Porcentaje
G6: Limpieza y Saneamiento | H6: 31 | I6: =SUM(F25:F31) -> 31 | J6: =I6/H6 -> 1 | BA6: No | BB6: =COUNTIF(E17:F23,BA6) -> 0 | BC6: RSI
B7: Puntuación: Valores en puntos | C7: 1. Cada pregunta vale 1, 5 o 7 puntos (los puntos son todo o nada) para un total de 117 puntos posibles. | G7: Salud e higiene de los empleados | H7: 18 | I7: =SUM(F32:F35) -> 18 | J7: =I7/H7 -> 1 | BA7: Curado en el momento | BB7: =COUNTIF(E17:F23,BA7) -> 0 | BC7: RSI CIM
C8: 2. Riesgo inminente para la salud (IHR): No hay valores asignados a las 7 preguntas; marque dentro de la pregunta crítica sistémica apropiada, escale el problema según sea necesario y aplique acciones correctivas inmediatas. Si hay un riesgo inminente para la salud (IHR) en el momento de la evaluación, entonces la pregunta crítica correspondiente dentro de la evaluación debe marcarse con un "No", independientemente de si el IHR se cura en el momento. Si hay un IHR, la revisión continuará y se completará en su totalidad para ayudar a descubrir la causa raíz del IHR. | G8: Hora y temperatura | H8: 31 | I8: =SUM(F36:F40) -> 31 | J8: =I8/H8 -> 1
G9: Buenas prácticas de venta minorista | H9: 19 | I9: =SUM(F41:F45) -> 19 | J9: =I9/H9 -> 1
G10: Manejo de plagas | H10: 13 | I10: =SUM(F46:F48) -> 13 | J10: =I10/H10 -> 1
B11: Calificaciones de riesgo | C11: Actividades de seguimiento | G11: Documentación | H11: 5 | I11: =SUM(F49:F53) -> 5 | J11: =I11/H11 -> 1
B12: Riesgo bajo 90% o más | C12: El restaurante cumple con la mayoría de los estándares de seguridad alimentaria. Las acciones correctivas para todos los hallazgos deben tomarse dentro de los 5 días posteriores a la recepción del informe de evaluación final. Realice un seguimiento con el equipo del restaurante para asegurarse de que se corrijan las oportunidades, se capacite a los miembros del equipo, etc. | G12: Total | H12: =SUM(H6:H11) -> 117 | I12: =SUM(I6:I11) -> 117 | J12: =I12/H12 -> 1
B13: Riesgo moderado 71% – 89% | C13: El restaurante cumple con algunas normas de seguridad alimentaria. Las medidas correctivas para todos los hallazgos deben tomarse dentro de los 5 días posteriores a la recepción del informe de evaluación final. Es posible que sea necesario realizar una documentación de seguimiento o una nueva visita para cualquier problema que no se haya corregido en el momento.
B14: Riesgo alto 70% o menos | C14: El restaurante no cumple con los estándares de seguridad alimentaria. Las acciones correctivas para todos los hallazgos deben tomarse dentro de los 5 días posteriores a la recepción del informe de evaluación final. Se debe realizar una nueva evaluación dentro de los 30 a 45 días para verificar que se corrijan las oportunidades y se eliminen las causas fundamentales. | G14: Puntuación FSA % y resultado de riesgo | I14: =J12 -> 1
B16: Riesgos inminentes para la salud | E16: Respuesta | G16: Comentarios
B17: Riesgos inminentes para la salud | C17: 1 | D17: IHR.1 Hay agua corriente caliente y fría disponible NOTA: Citar bajo pregunta GRP.3 | E17: Yes | AY17: =E17 -> Yes | BA17: Sí | BB17: =COUNTIF(AY17:AY23,BA17) -> 0 | BC17: 0 RSI
C18: 2 | D18: RSI.2 El gerente y los miembros del equipo están libres de enfermedades y síntomas NOTA: Citar bajo la pregunta GRP.3 | E18: Yes | AY18: =E18 -> Yes | BA18: No | BB18: =COUNTIF(AY17:AY23,BA18) -> 0 | BC18: RSI
C19: 3 | D19: RSI.3 Libre de productos adulterados/contaminados NOTA: Citar bajo pregunta GRP.3 | E19: Yes | AY19: =E19 -> Yes | BA19: Curado en el momento | BB19: =COUNTIF(AY17:AY23,BA19) -> 0 | BC19: RSI CIM
C20: 4 | D20: IHR.4 Libre de inundaciones/respaldo de alcantarillado NOTA: Citar bajo pregunta GRP.3 | E20: Yes | AY20: =E20 -> Yes
C21: 5 | D21: IHR.5 Libre de infestaciones de plagas que provoquen contaminación de alimentos y superficies en contacto. NOTA: Citar bajo la pregunta PM.1 | E21: Yes
C22: 6 | D22: IHR.6 Restaurante cuenta con sanitizante NOTA: Citar bajo pregunta GRP.3 | E22: Yes | AY22: =E22 -> Yes
C23: 7 | D23: IHR.7 Se proporcionan lavabos para lavarse las manos NOTA: Citar bajo pregunta GRP.3 | E23: Yes | AY23: =E23 -> Yes
B24: Sistemas de seguridad alimentaria en el comercio minorista | E24: Respuesta | F24: Agujas
B25: Limpieza y Saneamiento | C25: 1 | D25: CS.1 (Mayor) El agua caliente alcanza un mínimo de 85 °F (29 °C) en todos los lavamanos, 110 °F (43 °C) en los lavaplatos y 160 °F (71 °C) de temperatura superficial en todas las máquinas lavaplatos de alta temperatura. | E25: Yes | F25: =IF(E25="Yes",5,0) -> 5
C26: 2 | D26: CS.2 (Principal) El desinfectante se encuentra en la concentración adecuada en todos los lavabos, baldes, tazas y lavadoras de vajilla a baja temperatura. | E26: Yes | F26: =IF(E26="Yes",5,0) -> 5
C27: 3 | D27: CS.3 (Principal) Todos los productos químicos están aprobados, etiquetados adecuadamente y almacenados correctamente. | E27: Yes | F27: =IF(E27="Yes",5,0) -> 5
C28: 4 | D28: CS.4 (Menor) Locales exteriores e interiores (parte trasera de la casa) Las superficies que no entran en contacto con alimentos están limpias y se mantienen | E28: Yes | F28: =IF(E28="Yes",1,0) -> 1
C29: 5 | D29: CS.5 (Menor) Todos los fregaderos y lavavajillas están instalados correctamente y se utilizan adecuadamente. | E29: Yes | F29: =IF(E29="Yes",1,0) -> 1
C30: 6 | D30: CS.6 (Crítico) Los equipos en uso y las mesas de preparación se limpian y desinfectan con la frecuencia adecuada y se mantienen | E30: Yes | F30: =IF(E30="Yes",7,0) -> 7
C31: 7 | D31: CS.7 (Crítico) Los utensilios en uso y los artículos pequeños se limpian y desinfectan con la frecuencia adecuada y se mantienen | E31: Yes | F31: =IF(E31="Yes",7,0) -> 7
B32: Salud e higiene de los empleados | C32: 1 | D32: EH.1 (Menor) La persona a cargo comprende los estándares de marca para enfermedades y síntomas notificables y los miembros del equipo saben qué informar. | E32: Yes | F32: =IF(E32="Yes",1,0) -> 1
C33: 2 | D33: EH.2 (Mayor) Los lavabos para lavarse las manos están completamente abastecidos y los miembros del equipo se lavan las manos correctamente. | E33: Yes | F33: =IF(E33="Yes",5,0) -> 5
C34: 3 | D34: EH.3 (Mayor) Los miembros del equipo están siguiendo prácticas de higiene. | E34: Yes | F34: =IF(E34="Yes",5,0) -> 5
C35: 4 | D35: EH.4 (Crítico) Los miembros del equipo usan guantes correctamente y evitan el contacto con las manos desnudas. | E35: Yes | F35: =IF(E35="Yes",7,0) -> 7
B36: Hora y temperatura | C36: 1 | D36: TT.1 (Crítico) Alimentos refrigerados mantenidos a 41 °F (5°C) o menos | E36: Yes | F36: =IF(E36="Yes",7,0) -> 7
C37: 2 | D37: TT.2 (Principal) Control de tiempo y temperatura para seguridad (TCS) Los alimentos se manipulan adecuadamente | E37: Yes | F37: =IF(E37="Yes",5,0) -> 5
C38: 3 | D38: TT.3 (Crítico) Los alimentos se cocinan a la temperatura correcta.NOTA: Si la comida no se cocina en este lugar, marque con un círculo los puntos obtenidos como 7 | E38: Yes | F38: =IF(OR(E38="Yes",E38="NA"),7,0) -> 7
C39: 4 | D39: TT.4 (Crítico) Control de tiempo/temperatura para seguridad (TCS) Los alimentos en almacenamiento en caliente se mantienen a ≥ 135 °F (65°C) NOTA: Si no se mantiene caliente en esta ubicación, marque con un círculo los puntos obtenidos como 7 | E39: Yes | F39: =IF(OR(E39="Yes",E39="NA"),7,0) -> 7
C40: 5 | D40: TT.5 (Principal) Los termómetros están calibrados adecuadamente y en uso. | E40: Yes | F40: =IF(E40="Yes",5,0) -> 5
B41: Buenas prácticas de venta minorista | C41: 1 | D41: GRP.1 (Mayor) Los alimentos y envases se almacenan de manera que estén protegidos y se cumplen todos los requisitos de gestión de alérgenos. | E41: Yes | F41: =IF(E41="Yes",5,0) -> 5
C42: 2 | D42: GRP.2 (Mayor) Las superficies en contacto con alimentos están protegidas de la contaminación y se manipulan adecuadamente. | E42: Yes | F42: =IF(E42="Yes",5,0) -> 5
C43: 3 | D43: GRP.3 (Crítico) Se han establecido normas de prevención de la contaminación y se siguen adecuadamente las prácticas para prevenir la contaminación cruzada. | E43: Yes | F43: =IF(E43="Yes",7,0) -> 7
C44: 4 | D44: GRP.4 (Menor) Todos los alimentos están aprobados, dentro del código de fecha y etiquetados correctamente. | E44: Yes | F44: =IF(E44="Yes",1,0) -> 1
C45: 5 | D45: GRP.5 (Menor) El embalaje se utiliza de forma aprobada | E45: Yes | F45: =IF(E45="Yes",1,0) -> 1
B46: Manejo de plagas | C46: 1 | D46: PM.1 (Crítico) El restaurante está libre de evidencia de plagas y está recibiendo servicio de control de plagas. | E46: Yes | F46: =IF(E46="Yes",7,0) -> 7
C47: 2 | D47: PM.2 (Mayor) Todo el equipo de control de plagas requerido está presente y el servicio de control de plagas se realiza al menos una vez al mes. | E47: Yes | F47: =IF(E47="Yes",5,0) -> 5
C48: 3 | D48: PM.3 (Menor) Toda la documentación requerida sobre plagas está disponible (licencia, informes, etc.) | E48: Yes | F48: =IF(E48="Yes",1,0) -> 1
B49: Documentación | C49: 1 | D49: DOC.1 (Menor) Los documentos de temperatura de mantenimiento en frío (incluidos los registros de enfriamiento y descongelación) están completos, son precisos y incluyen acciones correctivas. | E49: Yes | F49: =IF(E49="Yes",1,0) -> 1
C50: 2 | D50: DOC.2 (Menor) Los documentos de temperatura de cocción están completos, son precisos y incluyen acciones correctivas.NOTA: Si no se cocina en esta ubicación, marque con un círculo los puntos obtenidos como 1 | E50: Yes | F50: =IF(OR(E50="Yes",E50="NA"),1,0) -> 1
C51: 3 | D51: DOC.3 (Menor) Los documentos de temperatura de mantenimiento en caliente están completos, son precisos y incluyen acciones correctivas.NOTA: Si no se mantiene caliente en esta ubicación, marque con un círculo los puntos obtenidos como 1 | E51: NA | F51: =IF(OR(E51="Yes",E51="NA"),1,0) -> 1
C52: 4 | D52: DOC.4 (Menor) Los documentos recibidos están completos, son precisos y tienen acciones correctivas. | E52: Yes | F52: =IF(E52="Yes",1,0) -> 1
C53: 5 | D53: DOC.5 (Menor) La documentación y los recursos adicionales requeridos en materia de seguridad alimentaria están presentes y son accesibles según sea necesario. | E53: Yes | F53: =IF(E53="Yes",1,0) -> 1

Sheet PA. PV 141
B2: Una plantilla de plan de acción mensual de InspireUtilice los resultados de One Inspire para crear un plan de acción para cerrar las brechas con los estándares de la marca. Todo aquello que no haya obtenido una puntuación "sí" en One Inspire es una brecha. Utilice el formato de objetivo SMART (específico, medible, alcanzable, realista y oportuno).
B3: OBJETIVO 1
B4: META:
B5: Accion correctiva / Plan de accion | C5: Responsable | D5: Fecha de ejecucion prevista | E5: Comentarios | F5: Fecha de cierre real (¿Terminado?)
D6: Fecha | E6: Comentarios | F6: Fecha (¿Hecho?)
B7: Hacer retroliemntacion y seguimiento sobre procesos de sanitizante | C7: EVERLEY GIL | D7: 46295
B8: Realizar capacitacion t retroaliemntacion sobre RIS y enfermedades | C8: EVERLEY GIL | D8: 46295
B9: Hacer capacitacion continua y vigoalancia al proceso de lavado de manos | C9: EVERLEY GIL | D9: 46295
B10: Hacer seguiienti diario y retroaliemntacion sobre la forma adecuada de alamacener quimicos | C10: EVERLEY GIL | D10: 46295
B18: OBJETIVO 2
B19: META:
B20: Accion correctiva / Plan de accion | C20: Responsable | D20: Fecha de ejecucion prevista | E20: Comentarios | F20: Fecha de cierre real (¿Terminado?)
D21: Fecha | E21: Comentarios | F21: Fecha (¿Hecho?)
B32: OBJETIVO 3
B33: META:
B34: Accion correctiva / Plan de accion | C34: Responsable | D34: Fecha de ejecucion prevista | E34: Comentarios | F34: Fecha de cierre real (¿Terminado?)
D35: Fecha | E35: Comentarios | F35: Fecha (¿Hecho?)

Sheet EOR PV 102
B1: Evaluación de seguridad alimentaria One Inspire
B3: Nombre y ubicación de la tienda: | C3: PV 102 CRA 12 # 89-33 LOCAL 1
B4: Nombre de la persona que completa el formulario | C4: JULIAN RODRIGUEZ - CAROLINA ZAMORA | G4: Riesgos inminentes para la salud | H4: =IF(COUNTIF(BB6,"0")>0,"PASA","NO PASA") -> PASA | BA4: Sí | BB4: =COUNTIF(E17:F23,BA4) -> 0 | BC4: 0 RSI
B5: Fecha | C5: 46273 | G5: Categoría | H5: Puntos disponibles | I5: Puntos otorgados | J5: Porcentaje
G6: Limpieza y Saneamiento | H6: 31 | I6: =SUM(F25:F31) -> 12 | J6: =I6/H6 -> 0.38709677 | BA6: No | BB6: =COUNTIF(E17:F23,BA6) -> 0 | BC6: RSI
B7: Puntuación: Valores en puntos | C7: 1. Cada pregunta vale 1, 5 o 7 puntos (los puntos son todo o nada) para un total de 117 puntos posibles. | G7: Salud e higiene de los empleados | H7: 18 | I7: =SUM(F32:F35) -> 13 | J7: =I7/H7 -> 0.72222222 | BA7: Curado en el momento | BB7: =COUNTIF(E17:F23,BA7) -> 0 | BC7: RSI CIM
C8: 2. Riesgo inminente para la salud (IHR): No hay valores asignados a las 7 preguntas; marque dentro de la pregunta crítica sistémica apropiada, escale el problema según sea necesario y aplique acciones correctivas inmediatas. Si hay un riesgo inminente para la salud (IHR) en el momento de la evaluación, entonces la pregunta crítica correspondiente dentro de la evaluación debe marcarse con un "No", independientemente de si el IHR se cura en el momento. Si hay un IHR, la revisión continuará y se completará en su totalidad para ayudar a descubrir la causa raíz del IHR. | G8: Hora y temperatura | H8: 31 | I8: =SUM(F36:F40) -> 31 | J8: =I8/H8 -> 1
G9: Buenas prácticas de venta minorista | H9: 19 | I9: =SUM(F41:F45) -> 18 | J9: =I9/H9 -> 0.94736842
G10: Manejo de plagas | H10: 13 | I10: =SUM(F46:F48) -> 12 | J10: =I10/H10 -> 0.92307692
B11: Calificaciones de riesgo | C11: Actividades de seguimiento | G11: Documentación | H11: 5 | I11: =SUM(F49:F53) -> 4 | J11: =I11/H11 -> 0.8
B12: Riesgo bajo 90% o más | C12: El restaurante cumple con la mayoría de los estándares de seguridad alimentaria. Las acciones correctivas para todos los hallazgos deben tomarse dentro de los 5 días posteriores a la recepción del informe de evaluación final. Realice un seguimiento con el equipo del restaurante para asegurarse de que se corrijan las oportunidades, se capacite a los miembros del equipo, etc. | G12: Total | H12: =SUM(H6:H11) -> 117 | I12: =SUM(I6:I11) -> 90 | J12: =I12/H12 -> 0.76923077
B13: Riesgo moderado 71% – 89% | C13: El restaurante cumple con algunas normas de seguridad alimentaria. Las medidas correctivas para todos los hallazgos deben tomarse dentro de los 5 días posteriores a la recepción del informe de evaluación final. Es posible que sea necesario realizar una documentación de seguimiento o una nueva visita para cualquier problema que no se haya corregido en el momento.
B14: Riesgo alto 70% o menos | C14: El restaurante no cumple con los estándares de seguridad alimentaria. Las acciones correctivas para todos los hallazgos deben tomarse dentro de los 5 días posteriores a la recepción del informe de evaluación final. Se debe realizar una nueva evaluación dentro de los 30 a 45 días para verificar que se corrijan las oportunidades y se eliminen las causas fundamentales. | G14: Puntuación FSA % y resultado de riesgo | I14: =J12 -> 0.76923077
B16: Riesgos inminentes para la salud | E16: Respuesta | G16: Comentarios
B17: Riesgos inminentes para la salud | C17: 1 | D17: IHR.1 Hay agua corriente caliente y fría disponible NOTA: Citar bajo pregunta GRP.3 | E17: Yes | AY17: =E17 -> Yes | BA17: Sí | BB17: =COUNTIF(AY17:AY23,BA17) -> 0 | BC17: 0 RSI
C18: 2 | D18: RSI.2 El gerente y los miembros del equipo están libres de enfermedades y síntomas NOTA: Citar bajo la pregunta GRP.3 | E18: Yes | AY18: =E18 -> Yes | BA18: No | BB18: =COUNTIF(AY17:AY23,BA18) -> 0 | BC18: RSI
C19: 3 | D19: RSI.3 Libre de productos adulterados/contaminados NOTA: Citar bajo pregunta GRP.3 | E19: Yes | AY19: =E19 -> Yes | BA19: Curado en el momento | BB19: =COUNTIF(AY17:AY23,BA19) -> 0 | BC19: RSI CIM
C20: 4 | D20: IHR.4 Libre de inundaciones/respaldo de alcantarillado NOTA: Citar bajo pregunta GRP.3 | E20: Yes | AY20: =E20 -> Yes
C21: 5 | D21: IHR.5 Libre de infestaciones de plagas que provoquen contaminación de alimentos y superficies en contacto. NOTA: Citar bajo la pregunta PM.1 | E21: Yes
C22: 6 | D22: IHR.6 Restaurante cuenta con sanitizante NOTA: Citar bajo pregunta GRP.3 | E22: Yes | AY22: =E22 -> Yes
C23: 7 | D23: IHR.7 Se proporcionan lavabos para lavarse las manos NOTA: Citar bajo pregunta GRP.3 | E23: Yes | AY23: =E23 -> Yes
B24: Sistemas de seguridad alimentaria en el comercio minorista | E24: Respuesta | F24: Agujas | G24: Comentarios
B25: Limpieza y Saneamiento | C25: 1 | D25: CS.1 (Mayor) El agua caliente alcanza un mínimo de 85 °F (29 °C) en todos los lavamanos, 110 °F (43 °C) en los lavaplatos y 160 °F (71 °C) de temperatura superficial en todas las máquinas lavaplatos de alta temperatura. | E25: Yes | F25: =IF(E25="Yes",5,0) -> 5
C26: 2 | D26: CS.2 (Principal) El desinfectante se encuentra en la concentración adecuada en todos los lavabos, baldes, tazas y lavadoras de vajilla a baja temperatura. | E26: No | F26: =IF(E26="Yes",5,0) -> 0 | G26: No hay sanitizante hecho
C27: 3 | D27: CS.3 (Principal) Todos los productos químicos están aprobados, etiquetados adecuadamente y almacenados correctamente. | E27: Yes | F27: =IF(E27="Yes",5,0) -> 5
C28: 4 | D28: CS.4 (Menor) Locales exteriores e interiores (parte trasera de la casa) Las superficies que no entran en contacto con alimentos están limpias y se mantienen | E28: Yes | F28: =IF(E28="Yes",1,0) -> 1
C29: 5 | D29: CS.5 (Menor) Todos los fregaderos y lavavajillas están instalados correctamente y se utilizan adecuadamente. | E29: Yes | F29: =IF(E29="Yes",1,0) -> 1
C30: 6 | D30: CS.6 (Crítico) Los equipos en uso y las mesas de preparación se limpian y desinfectan con la frecuencia adecuada y se mantienen | E30: No | F30: =IF(E30="Yes",7,0) -> 0 | G30: No hay limpiasecos
C31: 7 | D31: CS.7 (Crítico) Los utensilios en uso y los artículos pequeños se limpian y desinfectan con la frecuencia adecuada y se mantienen | E31: No | F31: =IF(E31="Yes",7,0) -> 0 | G31: Se evidencian jarras medidoras con residuos de prepraciones pasadas
B32: Salud e higiene de los empleados | C32: 1 | D32: EH.1 (Menor) La persona a cargo comprende los estándares de marca para enfermedades y síntomas notificables y los miembros del equipo saben qué informar. | E32: Yes | F32: =IF(E32="Yes",1,0) -> 1
C33: 2 | D33: EH.2 (Mayor) Los lavabos para lavarse las manos están completamente abastecidos y los miembros del equipo se lavan las manos correctamente. | E33: Yes | F33: =IF(E33="Yes",5,0) -> 5
C34: 3 | D34: EH.3 (Mayor) Los miembros del equipo están siguiendo prácticas de higiene. | E34: No | F34: =IF(E34="Yes",5,0) -> 0 | G34: Personal guarda uniformes en el almacem
C35: 4 | D35: EH.4 (Crítico) Los miembros del equipo usan guantes correctamente y evitan el contacto con las manos desnudas. | E35: Yes | F35: =IF(E35="Yes",7,0) -> 7
B36: Hora y temperatura | C36: 1 | D36: TT.1 (Crítico) Alimentos refrigerados mantenidos a 41 °F (5°C) o menos | E36: Yes | F36: =IF(E36="Yes",7,0) -> 7
C37: 2 | D37: TT.2 (Principal) Control de tiempo y temperatura para seguridad (TCS) Los alimentos se manipulan adecuadamente | E37: Yes | F37: =IF(E37="Yes",5,0) -> 5
C38: 3 | D38: TT.3 (Crítico) Los alimentos se cocinan a la temperatura correcta.NOTA: Si la comida no se cocina en este lugar, marque con un círculo los puntos obtenidos como 7 | E38: Yes | F38: =IF(OR(E38="Yes",E38="NA"),7,0) -> 7
C39: 4 | D39: TT.4 (Crítico) Control de tiempo/temperatura para seguridad (TCS) Los alimentos en almacenamiento en caliente se mantienen a ≥ 135 °F (65°C) NOTA: Si no se mantiene caliente en esta ubicación, marque con un círculo los puntos obtenidos como 7 | E39: NA | F39: =IF(OR(E39="Yes",E39="NA"),7,0) -> 7
C40: 5 | D40: TT.5 (Principal) Los termómetros están calibrados adecuadamente y en uso. | E40: Yes | F40: =IF(E40="Yes",5,0) -> 5
B41: Buenas prácticas de venta minorista | C41: 1 | D41: GRP.1 (Mayor) Los alimentos y envases se almacenan de manera que estén protegidos y se cumplen todos los requisitos de gestión de alérgenos. | E41: Yes | F41: =IF(E41="Yes",5,0) -> 5
C42: 2 | D42: GRP.2 (Mayor) Las superficies en contacto con alimentos están protegidas de la contaminación y se manipulan adecuadamente. | E42: Yes | F42: =IF(E42="Yes",5,0) -> 5
C43: 3 | D43: GRP.3 (Crítico) Se han establecido normas de prevención de la contaminación y se siguen adecuadamente las prácticas para prevenir la contaminación cruzada. | E43: Yes | F43: =IF(E43="Yes",7,0) -> 7
C44: 4 | D44: GRP.4 (Menor) Todos los alimentos están aprobados, dentro del código de fecha y etiquetados correctamente. | E44: No | F44: =IF(E44="Yes",1,0) -> 0 | G44: Se evidencian jarabes de refreshers vencidos
C45: 5 | D45: GRP.5 (Menor) El embalaje se utiliza de forma aprobada | E45: Yes | F45: =IF(E45="Yes",1,0) -> 1
B46: Manejo de plagas | C46: 1 | D46: PM.1 (Crítico) El restaurante está libre de evidencia de plagas y está recibiendo servicio de control de plagas. | E46: Yes | F46: =IF(E46="Yes",7,0) -> 7
C47: 2 | D47: PM.2 (Mayor) Todo el equipo de control de plagas requerido está presente y el servicio de control de plagas se realiza al menos una vez al mes. | E47: Yes | F47: =IF(E47="Yes",5,0) -> 5
C48: 3 | D48: PM.3 (Menor) Toda la documentación requerida sobre plagas está disponible (licencia, informes, etc.) | E48: No | F48: =IF(E48="Yes",1,0) -> 0 | G48: no se evidencian certificados de fumigacion de agosto y Julio
B49: Documentación | C49: 1 | D49: DOC.1 (Menor) Los documentos de temperatura de mantenimiento en frío (incluidos los registros de enfriamiento y descongelación) están completos, son precisos y incluyen acciones correctivas. | E49: Yes | F49: =IF(E49="Yes",1,0) -> 1
C50: 2 | D50: DOC.2 (Menor) Los documentos de temperatura de cocción están completos, son precisos y incluyen acciones correctivas.NOTA: Si no se cocina en esta ubicación, marque con un círculo los puntos obtenidos como 1 | E50: Yes | F50: =IF(OR(E50="Yes",E50="NA"),1,0) -> 1
C51: 3 | D51: DOC.3 (Menor) Los documentos de temperatura de mantenimiento en caliente están completos, son precisos y incluyen acciones correctivas.NOTA: Si no se mantiene caliente en esta ubicación, marque con un círculo los puntos obtenidos como 1 | E51: NA | F51: =IF(OR(E51="Yes",E51="NA"),1,0) -> 1
C52: 4 | D52: DOC.4 (Menor) Los documentos recibidos están completos, son precisos y tienen acciones correctivas. | E52: Yes | F52: =IF(E52="Yes",1,0) -> 1
C53: 5 | D53: DOC.5 (Menor) La documentación y los recursos adicionales requeridos en materia de seguridad alimentaria están presentes y son accesibles según sea necesario. | E53: No | F53: =IF(E53="Yes",1,0) -> 0 | G53: Carpeta de sanidad alimentaria incomleta

Sheet P.A. PV 102
B2: Una plantilla de plan de acción mensual de InspireUtilice los resultados de One Inspire para crear un plan de acción para cerrar las brechas con los estándares de la marca. Todo aquello que no haya obtenido una puntuación "sí" en One Inspire es una brecha. Utilice el formato de objetivo SMART (específico, medible, alcanzable, realista y oportuno).
B3: OBJETIVO 1
B4: META: LAVADO DE MANOS
B5: Accion correctiva / Plan de accion | C5: Responsable | D5: Fecha de ejecucion prevista | E5: Comentarios | F5: Fecha de cierre real (¿Terminado?)
D6: Fecha | E6: Comentarios | F6: Fecha (¿Hecho?)
B7: Solicitar limpisecos | C7: ESTEBAN CORTES | D7: INMEDIATO
B8: Realizar sanitizante | C8: ESTEBAN CORTES | D8: INMEDIATO
B9: Lavar utensilios que cuenta con residuos | C9: ESTEBAN CORTES | D9: INMEDIATO
B10: Hacer llamado de atencuion y retroalimentacion sobre procesos d higiene con el uniforme | C10: ESTEBAN CORTES | D10: 46295
B11: Botar producto vencido y generar descuento si se requiere | C11: ESTEBAN CORTES | D11: INMEDIATO
B12: Imprimir documentacion faltante y anexar en carpetas | C12: ESTEBAN CORTES | D12: 46295
B18: OBJETIVO 2
B19: META:
B20: Accion correctiva / Plan de accion | C20: Responsable | D20: Fecha de ejecucion prevista | E20: Comentarios | F20: Fecha de cierre real (¿Terminado?)
D21: Fecha | E21: Comentarios | F21: Fecha (¿Hecho?)
B32: OBJETIVO 3
B33: META:
B34: Accion correctiva / Plan de accion | C34: Responsable | D34: Fecha de ejecucion prevista | E34: Comentarios | F34: Fecha de cierre real (¿Terminado?)
D35: Fecha | E35: Comentarios | F35: Fecha (¿Hecho?)

Sheet EOR PV 290
B1: Evaluación de seguridad alimentaria One Inspire
B3: Nombre y ubicación de la tienda: | C3: PV 290 Calle 90 No. 16-10, Local 5, Ed. 9016
B4: Nombre de la persona que completa el formulario | C4: ESTEBAN CORTES - CAROLINA ZAMORA | G4: Riesgos inminentes para la salud | H4: =IF(COUNTIF(BB6,"0")>0,"PASA","NO PASA") -> PASA | BA4: Sí | BB4: =COUNTIF(E17:F23,BA4) -> 0 | BC4: 0 RSI
B5: Fecha | C5: 46274 | G5: Categoría | H5: Puntos disponibles | I5: Puntos otorgados | J5: Porcentaje
G6: Limpieza y Saneamiento | H6: 31 | I6: =SUM(F25:F31) -> 21 | J6: =I6/H6 -> 0.67741935 | BA6: No | BB6: =COUNTIF(E17:F23,BA6) -> 0 | BC6: RSI
B7: Puntuación: Valores en puntos | C7: 1. Cada pregunta vale 1, 5 o 7 puntos (los puntos son todo o nada) para un total de 117 puntos posibles. | G7: Salud e higiene de los empleados | H7: 18 | I7: =SUM(F32:F35) -> 12 | J7: =I7/H7 -> 0.66666667 | BA7: Curado en el momento | BB7: =COUNTIF(E17:F23,BA7) -> 0 | BC7: RSI CIM
C8: 2. Riesgo inminente para la salud (IHR): No hay valores asignados a las 7 preguntas; marque dentro de la pregunta crítica sistémica apropiada, escale el problema según sea necesario y aplique acciones correctivas inmediatas. Si hay un riesgo inminente para la salud (IHR) en el momento de la evaluación, entonces la pregunta crítica correspondiente dentro de la evaluación debe marcarse con un "No", independientemente de si el IHR se cura en el momento. Si hay un IHR, la revisión continuará y se completará en su totalidad para ayudar a descubrir la causa raíz del IHR. | G8: Hora y temperatura | H8: 31 | I8: =SUM(F36:F40) -> 31 | J8: =I8/H8 -> 1
G9: Buenas prácticas de venta minorista | H9: 19 | I9: =SUM(F41:F45) -> 18 | J9: =I9/H9 -> 0.94736842
G10: Manejo de plagas | H10: 13 | I10: =SUM(F46:F48) -> 12 | J10: =I10/H10 -> 0.92307692
B11: Calificaciones de riesgo | C11: Actividades de seguimiento | G11: Documentación | H11: 5 | I11: =SUM(F49:F53) -> 5 | J11: =I11/H11 -> 1
B12: Riesgo bajo 90% o más | C12: El restaurante cumple con la mayoría de los estándares de seguridad alimentaria. Las acciones correctivas para todos los hallazgos deben tomarse dentro de los 5 días posteriores a la recepción del informe de evaluación final. Realice un seguimiento con el equipo del restaurante para asegurarse de que se corrijan las oportunidades, se capacite a los miembros del equipo, etc. | G12: Total | H12: =SUM(H6:H11) -> 117 | I12: =SUM(I6:I11) -> 99 | J12: =I12/H12 -> 0.84615385
B13: Riesgo moderado 71% – 89% | C13: El restaurante cumple con algunas normas de seguridad alimentaria. Las medidas correctivas para todos los hallazgos deben tomarse dentro de los 5 días posteriores a la recepción del informe de evaluación final. Es posible que sea necesario realizar una documentación de seguimiento o una nueva visita para cualquier problema que no se haya corregido en el momento.
B14: Riesgo alto 70% o menos | C14: El restaurante no cumple con los estándares de seguridad alimentaria. Las acciones correctivas para todos los hallazgos deben tomarse dentro de los 5 días posteriores a la recepción del informe de evaluación final. Se debe realizar una nueva evaluación dentro de los 30 a 45 días para verificar que se corrijan las oportunidades y se eliminen las causas fundamentales. | G14: Puntuación FSA % y resultado de riesgo | I14: =J12 -> 0.84615385
B16: Riesgos inminentes para la salud | E16: Respuesta
B17: Riesgos inminentes para la salud | C17: 1 | D17: IHR.1 Hay agua corriente caliente y fría disponible NOTA: Citar bajo pregunta GRP.3 | E17: Yes | AY17: =E17 -> Yes | BA17: Sí | BB17: =COUNTIF(AY17:AY23,BA17) -> 0 | BC17: 0 RSI
C18: 2 | D18: RSI.2 El gerente y los miembros del equipo están libres de enfermedades y síntomas NOTA: Citar bajo la pregunta GRP.3 | E18: Yes | AY18: =E18 -> Yes | BA18: No | BB18: =COUNTIF(AY17:AY23,BA18) -> 0 | BC18: RSI
C19: 3 | D19: RSI.3 Libre de productos adulterados/contaminados NOTA: Citar bajo pregunta GRP.3 | E19: Yes | AY19: =E19 -> Yes | BA19: Curado en el momento | BB19: =COUNTIF(AY17:AY23,BA19) -> 0 | BC19: RSI CIM
C20: 4 | D20: IHR.4 Libre de inundaciones/respaldo de alcantarillado NOTA: Citar bajo pregunta GRP.3 | E20: Yes | AY20: =E20 -> Yes
C21: 5 | D21: IHR.5 Libre de infestaciones de plagas que provoquen contaminación de alimentos y superficies en contacto. NOTA: Citar bajo la pregunta PM.1 | E21: Yes
C22: 6 | D22: IHR.6 Restaurante cuenta con sanitizante NOTA: Citar bajo pregunta GRP.3 | E22: Yes | AY22: =E22 -> Yes
C23: 7 | D23: IHR.7 Se proporcionan lavabos para lavarse las manos NOTA: Citar bajo pregunta GRP.3 | E23: Yes | AY23: =E23 -> Yes
B24: Sistemas de seguridad alimentaria en el comercio minorista | E24: Respuesta | F24: Agujas | G24: Comentarios
B25: Limpieza y Saneamiento | C25: 1 | D25: CS.1 (Mayor) El agua caliente alcanza un mínimo de 85 °F (29 °C) en todos los lavamanos, 110 °F (43 °C) en los lavaplatos y 160 °F (71 °C) de temperatura superficial en todas las máquinas lavaplatos de alta temperatura. | E25: No | F25: =IF(E25="Yes",5,0) -> 0 | G25: TEMPERATURA POCETA DE LAVADO DE UTENSILIOS EN 40 C°
C26: 2 | D26: CS.2 (Principal) El desinfectante se encuentra en la concentración adecuada en todos los lavabos, baldes, tazas y lavadoras de vajilla a baja temperatura. | E26: No | F26: =IF(E26="Yes",5,0) -> 0 | G26: CONCENTRACION EN RECIPIENTE LIMPIASECOS EN 50 PPM
C27: 3 | D27: CS.3 (Principal) Todos los productos químicos están aprobados, etiquetados adecuadamente y almacenados correctamente. | E27: Yes | F27: =IF(E27="Yes",5,0) -> 5
C28: 4 | D28: CS.4 (Menor) Locales exteriores e interiores (parte trasera de la casa) Las superficies que no entran en contacto con alimentos están limpias y se mantienen | E28: Yes | F28: =IF(E28="Yes",1,0) -> 1
C29: 5 | D29: CS.5 (Menor) Todos los fregaderos y lavavajillas están instalados correctamente y se utilizan adecuadamente. | E29: Yes | F29: =IF(E29="Yes",1,0) -> 1
C30: 6 | D30: CS.6 (Crítico) Los equipos en uso y las mesas de preparación se limpian y desinfectan con la frecuencia adecuada y se mantienen | E30: Yes | F30: =IF(E30="Yes",7,0) -> 7
C31: 7 | D31: CS.7 (Crítico) Los utensilios en uso y los artículos pequeños se limpian y desinfectan con la frecuencia adecuada y se mantienen | E31: Yes | F31: =IF(E31="Yes",7,0) -> 7
B32: Salud e higiene de los empleados | C32: 1 | D32: EH.1 (Menor) La persona a cargo comprende los estándares de marca para enfermedades y síntomas notificables y los miembros del equipo saben qué informar. | E32: No | F32: =IF(E32="Yes",1,0) -> 0 | G32: REFORZAR RIESGOS INMINENTES Y ENFERMEDADES
C33: 2 | D33: EH.2 (Mayor) Los lavabos para lavarse las manos están completamente abastecidos y los miembros del equipo se lavan las manos correctamente. | E33: Yes | F33: =IF(E33="Yes",5,0) -> 5
C34: 3 | D34: EH.3 (Mayor) Los miembros del equipo están siguiendo prácticas de higiene. | E34: No | F34: =IF(E34="Yes",5,0) -> 0 | G34: REFORZAR LAVADO DE MANOS
C35: 4 | D35: EH.4 (Crítico) Los miembros del equipo usan guantes correctamente y evitan el contacto con las manos desnudas. | E35: Yes | F35: =IF(E35="Yes",7,0) -> 7
B36: Hora y temperatura | C36: 1 | D36: TT.1 (Crítico) Alimentos refrigerados mantenidos a 41 °F (5°C) o menos | E36: Yes | F36: =IF(E36="Yes",7,0) -> 7
C37: 2 | D37: TT.2 (Principal) Control de tiempo y temperatura para seguridad (TCS) Los alimentos se manipulan adecuadamente | E37: Yes | F37: =IF(E37="Yes",5,0) -> 5
C38: 3 | D38: TT.3 (Crítico) Los alimentos se cocinan a la temperatura correcta.NOTA: Si la comida no se cocina en este lugar, marque con un círculo los puntos obtenidos como 7 | E38: NA | F38: =IF(OR(E38="Yes",E38="NA"),7,0) -> 7
C39: 4 | D39: TT.4 (Crítico) Control de tiempo/temperatura para seguridad (TCS) Los alimentos en almacenamiento en caliente se mantienen a ≥ 135 °F (65°C) NOTA: Si no se mantiene caliente en esta ubicación, marque con un círculo los puntos obtenidos como 7 | E39: Yes | F39: =IF(OR(E39="Yes",E39="NA"),7,0) -> 7
C40: 5 | D40: TT.5 (Principal) Los termómetros están calibrados adecuadamente y en uso. | E40: Yes | F40: =IF(E40="Yes",5,0) -> 5
B41: Buenas prácticas de venta minorista | C41: 1 | D41: GRP.1 (Mayor) Los alimentos y envases se almacenan de manera que estén protegidos y se cumplen todos los requisitos de gestión de alérgenos. | E41: Yes | F41: =IF(E41="Yes",5,0) -> 5
C42: 2 | D42: GRP.2 (Mayor) Las superficies en contacto con alimentos están protegidas de la contaminación y se manipulan adecuadamente. | E42: Yes | F42: =IF(E42="Yes",5,0) -> 5
C43: 3 | D43: GRP.3 (Crítico) Se han establecido normas de prevención de la contaminación y se siguen adecuadamente las prácticas para prevenir la contaminación cruzada. | E43: Yes | F43: =IF(E43="Yes",7,0) -> 7
C44: 4 | D44: GRP.4 (Menor) Todos los alimentos están aprobados, dentro del código de fecha y etiquetados correctamente. | E44: No | F44: =IF(E44="Yes",1,0) -> 0 | G44: PRODUCTO CON ROTULO MAL ELABORADO, PRODUCTO QUE NO TIENE RÓTULO DE DESCONGELACIÓN
C45: 5 | D45: GRP.5 (Menor) El embalaje se utiliza de forma aprobada | E45: Yes | F45: =IF(E45="Yes",1,0) -> 1
B46: Manejo de plagas | C46: 1 | D46: PM.1 (Crítico) El restaurante está libre de evidencia de plagas y está recibiendo servicio de control de plagas. | E46: Yes | F46: =IF(E46="Yes",7,0) -> 7
C47: 2 | D47: PM.2 (Mayor) Todo el equipo de control de plagas requerido está presente y el servicio de control de plagas se realiza al menos una vez al mes. | E47: Yes | F47: =IF(E47="Yes",5,0) -> 5
C48: 3 | D48: PM.3 (Menor) Toda la documentación requerida sobre plagas está disponible (licencia, informes, etc.) | E48: No | F48: =IF(E48="Yes",1,0) -> 0 | G48: FALTA DE DOCUMENTACION DE PROVEEDOR DE PLAGAS Y CERTIFICADOS
B49: Documentación | C49: 1 | D49: DOC.1 (Menor) Los documentos de temperatura de mantenimiento en frío (incluidos los registros de enfriamiento y descongelación) están completos, son precisos y incluyen acciones correctivas. | E49: Yes | F49: =IF(E49="Yes",1,0) -> 1
C50: 2 | D50: DOC.2 (Menor) Los documentos de temperatura de cocción están completos, son precisos y incluyen acciones correctivas.NOTA: Si no se cocina en esta ubicación, marque con un círculo los puntos obtenidos como 1 | E50: Yes | F50: =IF(OR(E50="Yes",E50="NA"),1,0) -> 1
C51: 3 | D51: DOC.3 (Menor) Los documentos de temperatura de mantenimiento en caliente están completos, son precisos y incluyen acciones correctivas.NOTA: Si no se mantiene caliente en esta ubicación, marque con un círculo los puntos obtenidos como 1 | E51: NA | F51: =IF(OR(E51="Yes",E51="NA"),1,0) -> 1
C52: 4 | D52: DOC.4 (Menor) Los documentos recibidos están completos, son precisos y tienen acciones correctivas. | E52: Yes | F52: =IF(E52="Yes",1,0) -> 1
C53: 5 | D53: DOC.5 (Menor) La documentación y los recursos adicionales requeridos en materia de seguridad alimentaria están presentes y son accesibles según sea necesario. | E53: Yes | F53: =IF(E53="Yes",1,0) -> 1

Sheet P.A. PV 290
B2: Una plantilla de plan de acción mensual de InspireUtilice los resultados de One Inspire para crear un plan de acción para cerrar las brechas con los estándares de la marca. Todo aquello que no haya obtenido una puntuación "sí" en One Inspire es una brecha. Utilice el formato de objetivo SMART (específico, medible, alcanzable, realista y oportuno).
B3: OBJETIVO 1
B4: META:
B5: Accion correctiva / Plan de accion | C5: Responsable | D5: Fecha de ejecucion prevista | E5: Comentarios | F5: Fecha de cierre real (¿Terminado?)
D6: Fecha | E6: Comentarios | F6: Fecha (¿Hecho?)
B7: RETROALIMENTACIÓN Y REVISIÓN CONSTANTE | C7: ESTEBAN CORTÉS | D7: 46277
B8: REFUERZO Y REINDUCCIÓN DE LA IMPORTANCIA | C8: ESTEBAN CORTÉS | D8: 46277
B9: PROGRAMACIÓN DE TIEMPOS PARA ESTA TAREA Y EN CAMBIO DE ACTIVIDADES | C9: ESTEBAN CORTÉS | D9: 46277
B10: GENERAL LLAMADA DE ATENCIÓN POR ESCRITO HACIENDO CLARIDAD DE CÓMO SE HACE CORRECTAMENTE UN RÓTULO | C10: ESTEBAN CORTÉS | D10: 46277
B11: REVISIÓN DE DOCUMENTACIÓN MENSUALMENTE Y COMPLETAR CON DOCUMENTOS FALTANTES | C11: ESTEBAN CORTÉS | D11: 46277
B18: OBJETIVO 2
B19: META:
B20: Accion correctiva / Plan de accion | C20: Responsable | D20: Fecha de ejecucion prevista | E20: Comentarios | F20: Fecha de cierre real (¿Terminado?)
D21: Fecha | E21: Comentarios | F21: Fecha (¿Hecho?)
B32: OBJETIVO 3
B33: META:
B34: Accion correctiva / Plan de accion | C34: Responsable | D34: Fecha de ejecucion prevista | E34: Comentarios | F34: Fecha de cierre real (¿Terminado?)
D35: Fecha | E35: Comentarios | F35: Fecha (¿Hecho?)

Sheet EOR PV 276
B1: Evaluación de seguridad alimentaria One Inspire
B3: Nombre y ubicación de la tienda: | C3: PV 276 Carrera 15 No. 92-29 local 2
B4: Nombre de la persona que completa el formulario | C4: JULIAN RODRIGUEZ - CAROLINA ZAMORA | G4: Riesgos inminentes para la salud | H4: =IF(COUNTIF(BB6,"0")>0,"PASA","NO PASA") -> PASA | BA4: Sí | BB4: =COUNTIF(E17:F23,BA4) -> 0 | BC4: 0 RSI
B5: Fecha | C5: 46273 | G5: Categoría | H5: Puntos disponibles | I5: Puntos otorgados | J5: Porcentaje
G6: Limpieza y Saneamiento | H6: 31 | I6: =SUM(F25:F31) -> 23 | J6: =I6/H6 -> 0.74193548 | BA6: No | BB6: =COUNTIF(E17:F23,BA6) -> 0 | BC6: RSI
B7: Puntuación: Valores en puntos | C7: 1. Cada pregunta vale 1, 5 o 7 puntos (los puntos son todo o nada) para un total de 117 puntos posibles. | G7: Salud e higiene de los empleados | H7: 18 | I7: =SUM(F32:F35) -> 17 | J7: =I7/H7 -> 0.94444444 | BA7: Curado en el momento | BB7: =COUNTIF(E17:F23,BA7) -> 0 | BC7: RSI CIM
C8: 2. Riesgo inminente para la salud (IHR): No hay valores asignados a las 7 preguntas; marque dentro de la pregunta crítica sistémica apropiada, escale el problema según sea necesario y aplique acciones correctivas inmediatas. Si hay un riesgo inminente para la salud (IHR) en el momento de la evaluación, entonces la pregunta crítica correspondiente dentro de la evaluación debe marcarse con un "No", independientemente de si el IHR se cura en el momento. Si hay un IHR, la revisión continuará y se completará en su totalidad para ayudar a descubrir la causa raíz del IHR. | G8: Hora y temperatura | H8: 31 | I8: =SUM(F36:F40) -> 31 | J8: =I8/H8 -> 1
G9: Buenas prácticas de venta minorista | H9: 19 | I9: =SUM(F41:F45) -> 18 | J9: =I9/H9 -> 0.94736842
G10: Manejo de plagas | H10: 13 | I10: =SUM(F46:F48) -> 12 | J10: =I10/H10 -> 0.92307692
B11: Calificaciones de riesgo | C11: Actividades de seguimiento | G11: Documentación | H11: 5 | I11: =SUM(F49:F53) -> 4 | J11: =I11/H11 -> 0.8
B12: Riesgo bajo 90% o más | C12: El restaurante cumple con la mayoría de los estándares de seguridad alimentaria. Las acciones correctivas para todos los hallazgos deben tomarse dentro de los 5 días posteriores a la recepción del informe de evaluación final. Realice un seguimiento con el equipo del restaurante para asegurarse de que se corrijan las oportunidades, se capacite a los miembros del equipo, etc. | G12: Total | H12: =SUM(H6:H11) -> 117 | I12: =SUM(I6:I11) -> 105 | J12: =I12/H12 -> 0.8974359
B13: Riesgo moderado 71% – 89% | C13: El restaurante cumple con algunas normas de seguridad alimentaria. Las medidas correctivas para todos los hallazgos deben tomarse dentro de los 5 días posteriores a la recepción del informe de evaluación final. Es posible que sea necesario realizar una documentación de seguimiento o una nueva visita para cualquier problema que no se haya corregido en el momento.
B14: Riesgo alto 70% o menos | C14: El restaurante no cumple con los estándares de seguridad alimentaria. Las acciones correctivas para todos los hallazgos deben tomarse dentro de los 5 días posteriores a la recepción del informe de evaluación final. Se debe realizar una nueva evaluación dentro de los 30 a 45 días para verificar que se corrijan las oportunidades y se eliminen las causas fundamentales. | G14: Puntuación FSA % y resultado de riesgo | I14: =J12 -> 0.8974359
B16: Riesgos inminentes para la salud | E16: Respuesta | G16: Comentarios
B17: Riesgos inminentes para la salud | C17: 1 | D17: IHR.1 Hay agua corriente caliente y fría disponible NOTA: Citar bajo pregunta GRP.3 | E17: Yes | AY17: =E17 -> Yes | BA17: Sí | BB17: =COUNTIF(AY17:AY23,BA17) -> 0 | BC17: 0 RSI
C18: 2 | D18: RSI.2 El gerente y los miembros del equipo están libres de enfermedades y síntomas NOTA: Citar bajo la pregunta GRP.3 | E18: Yes | AY18: =E18 -> Yes | BA18: No | BB18: =COUNTIF(AY17:AY23,BA18) -> 0 | BC18: RSI
C19: 3 | D19: RSI.3 Libre de productos adulterados/contaminados NOTA: Citar bajo pregunta GRP.3 | E19: Yes | AY19: =E19 -> Yes | BA19: Curado en el momento | BB19: =COUNTIF(AY17:AY23,BA19) -> 0 | BC19: RSI CIM
C20: 4 | D20: IHR.4 Libre de inundaciones/respaldo de alcantarillado NOTA: Citar bajo pregunta GRP.3 | E20: Yes | AY20: =E20 -> Yes
C21: 5 | D21: IHR.5 Libre de infestaciones de plagas que provoquen contaminación de alimentos y superficies en contacto. NOTA: Citar bajo la pregunta PM.1 | E21: Yes
C22: 6 | D22: IHR.6 Restaurante cuenta con sanitizante NOTA: Citar bajo pregunta GRP.3 | E22: Yes | AY22: =E22 -> Yes
C23: 7 | D23: IHR.7 Se proporcionan lavabos para lavarse las manos NOTA: Citar bajo pregunta GRP.3 | E23: Yes | AY23: =E23 -> Yes
B24: Sistemas de seguridad alimentaria en el comercio minorista | E24: Respuesta | F24: Agujas | G24: Comentarios
B25: Limpieza y Saneamiento | C25: 1 | D25: CS.1 (Mayor) El agua caliente alcanza un mínimo de 85 °F (29 °C) en todos los lavamanos, 110 °F (43 °C) en los lavaplatos y 160 °F (71 °C) de temperatura superficial en todas las máquinas lavaplatos de alta temperatura. | E25: Yes | F25: =IF(E25="Yes",5,0) -> 5
C26: 2 | D26: CS.2 (Principal) El desinfectante se encuentra en la concentración adecuada en todos los lavabos, baldes, tazas y lavadoras de vajilla a baja temperatura. | E26: Yes | F26: =IF(E26="Yes",5,0) -> 5
C27: 3 | D27: CS.3 (Principal) Todos los productos químicos están aprobados, etiquetados adecuadamente y almacenados correctamente. | E27: Yes | F27: =IF(E27="Yes",5,0) -> 5
C28: 4 | D28: CS.4 (Menor) Locales exteriores e interiores (parte trasera de la casa) Las superficies que no entran en contacto con alimentos están limpias y se mantienen | E28: No | F28: =IF(E28="Yes",1,0) -> 0 | G28: Reforzar limpieza en puertas, exceso de polvo, poceta de lavado de traperos sucia. Reforzar lavado de cajones.
C29: 5 | D29: CS.5 (Menor) Todos los fregaderos y lavavajillas están instalados correctamente y se utilizan adecuadamente. | E29: Yes | F29: =IF(E29="Yes",1,0) -> 1
C30: 6 | D30: CS.6 (Crítico) Los equipos en uso y las mesas de preparación se limpian y desinfectan con la frecuencia adecuada y se mantienen | E30: No | F30: =IF(E30="Yes",7,0) -> 0 | G30: Nveras con empaques llenos de residuos
C31: 7 | D31: CS.7 (Crítico) Los utensilios en uso y los artículos pequeños se limpian y desinfectan con la frecuencia adecuada y se mantienen | E31: Yes | F31: =IF(E31="Yes",7,0) -> 7
B32: Salud e higiene de los empleados | C32: 1 | D32: EH.1 (Menor) La persona a cargo comprende los estándares de marca para enfermedades y síntomas notificables y los miembros del equipo saben qué informar. | E32: No | F32: =IF(E32="Yes",1,0) -> 0 | G32: Reforzar conocimiento de RIS y enfermedades
C33: 2 | D33: EH.2 (Mayor) Los lavabos para lavarse las manos están completamente abastecidos y los miembros del equipo se lavan las manos correctamente. | E33: Yes | F33: =IF(E33="Yes",5,0) -> 5
C34: 3 | D34: EH.3 (Mayor) Los miembros del equipo están siguiendo prácticas de higiene. | E34: Yes | F34: =IF(E34="Yes",5,0) -> 5
C35: 4 | D35: EH.4 (Crítico) Los miembros del equipo usan guantes correctamente y evitan el contacto con las manos desnudas. | E35: Yes | F35: =IF(E35="Yes",7,0) -> 7
B36: Hora y temperatura | C36: 1 | D36: TT.1 (Crítico) Alimentos refrigerados mantenidos a 41 °F (5°C) o menos | E36: Yes | F36: =IF(E36="Yes",7,0) -> 7
C37: 2 | D37: TT.2 (Principal) Control de tiempo y temperatura para seguridad (TCS) Los alimentos se manipulan adecuadamente | E37: Yes | F37: =IF(E37="Yes",5,0) -> 5
C38: 3 | D38: TT.3 (Crítico) Los alimentos se cocinan a la temperatura correcta.NOTA: Si la comida no se cocina en este lugar, marque con un círculo los puntos obtenidos como 7 | E38: NA | F38: =IF(OR(E38="Yes",E38="NA"),7,0) -> 7
C39: 4 | D39: TT.4 (Crítico) Control de tiempo/temperatura para seguridad (TCS) Los alimentos en almacenamiento en caliente se mantienen a ≥ 135 °F (65°C) NOTA: Si no se mantiene caliente en esta ubicación, marque con un círculo los puntos obtenidos como 7 | E39: Yes | F39: =IF(OR(E39="Yes",E39="NA"),7,0) -> 7
C40: 5 | D40: TT.5 (Principal) Los termómetros están calibrados adecuadamente y en uso. | E40: Yes | F40: =IF(E40="Yes",5,0) -> 5
B41: Buenas prácticas de venta minorista | C41: 1 | D41: GRP.1 (Mayor) Los alimentos y envases se almacenan de manera que estén protegidos y se cumplen todos los requisitos de gestión de alérgenos. | E41: Yes | F41: =IF(E41="Yes",5,0) -> 5
C42: 2 | D42: GRP.2 (Mayor) Las superficies en contacto con alimentos están protegidas de la contaminación y se manipulan adecuadamente. | E42: Yes | F42: =IF(E42="Yes",5,0) -> 5
C43: 3 | D43: GRP.3 (Crítico) Se han establecido normas de prevención de la contaminación y se siguen adecuadamente las prácticas para prevenir la contaminación cruzada. | E43: Yes | F43: =IF(E43="Yes",7,0) -> 7
C44: 4 | D44: GRP.4 (Menor) Todos los alimentos están aprobados, dentro del código de fecha y etiquetados correctamente. | E44: No | F44: =IF(E44="Yes",1,0) -> 0 | G44: Rotulacion debe ser directa en el empaque
C45: 5 | D45: GRP.5 (Menor) El embalaje se utiliza de forma aprobada | E45: Yes | F45: =IF(E45="Yes",1,0) -> 1
B46: Manejo de plagas | C46: 1 | D46: PM.1 (Crítico) El restaurante está libre de evidencia de plagas y está recibiendo servicio de control de plagas. | E46: Yes | F46: =IF(E46="Yes",7,0) -> 7
C47: 2 | D47: PM.2 (Mayor) Todo el equipo de control de plagas requerido está presente y el servicio de control de plagas se realiza al menos una vez al mes. | E47: Yes | F47: =IF(E47="Yes",5,0) -> 5
C48: 3 | D48: PM.3 (Menor) Toda la documentación requerida sobre plagas está disponible (licencia, informes, etc.) | E48: No | F48: =IF(E48="Yes",1,0) -> 0 | G48: Faltan certificados de fumigacion
B49: Documentación | C49: 1 | D49: DOC.1 (Menor) Los documentos de temperatura de mantenimiento en frío (incluidos los registros de enfriamiento y descongelación) están completos, son precisos y incluyen acciones correctivas. | E49: Yes | F49: =IF(E49="Yes",1,0) -> 1
C50: 2 | D50: DOC.2 (Menor) Los documentos de temperatura de cocción están completos, son precisos y incluyen acciones correctivas.NOTA: Si no se cocina en esta ubicación, marque con un círculo los puntos obtenidos como 1 | E50: NA | F50: =IF(OR(E50="Yes",E50="NA"),1,0) -> 1
C51: 3 | D51: DOC.3 (Menor) Los documentos de temperatura de mantenimiento en caliente están completos, son precisos y incluyen acciones correctivas.NOTA: Si no se mantiene caliente en esta ubicación, marque con un círculo los puntos obtenidos como 1 | E51: Yes | F51: =IF(OR(E51="Yes",E51="NA"),1,0) -> 1
C52: 4 | D52: DOC.4 (Menor) Los documentos recibidos están completos, son precisos y tienen acciones correctivas. | E52: Yes | F52: =IF(E52="Yes",1,0) -> 1
C53: 5 | D53: DOC.5 (Menor) La documentación y los recursos adicionales requeridos en materia de seguridad alimentaria están presentes y son accesibles según sea necesario. | E53: No | F53: =IF(E53="Yes",1,0) -> 0 | G53: No hay tablero de comunicaciones

Sheet P.A. PV 276
B2: Una plantilla de plan de acción mensual de InspireUtilice los resultados de One Inspire para crear un plan de acción para cerrar las brechas con los estándares de la marca. Todo aquello que no haya obtenido una puntuación "sí" en One Inspire es una brecha. Utilice el formato de objetivo SMART (específico, medible, alcanzable, realista y oportuno).
B3: OBJETIVO 1
B4: META:
B5: Accion correctiva / Plan de accion | C5: Responsable | D5: Fecha de ejecucion prevista | E5: Comentarios | F5: Fecha de cierre real (¿Terminado?)
D6: Fecha | E6: Comentarios | F6: Fecha (¿Hecho?)
B7: Poner en cronograma el lavado de paredes | C7: JULIAN RODRIGUEZ | D7: 46295
B8: Reforzar el lavado de neveras y emques | C8: JULIAN RODRIGUEZ | D8: 46295
B9: Hacer capacitacion continua sobre RIS y enfermedades | C9: JULIAN RODRIGUEZ | D9: 46295
B10: Hacer capacitacion continua sobre los procesos de rotulacion | C10: JULIAN RODRIGUEZ | D10: 46295
B11: Imprimir y anexar documentos faltantes | C11: JULIAN RODRIGUEZ | D11: 46295
B18: OBJETIVO 2
B19: META:
B20: Accion correctiva / Plan de accion | C20: Responsable | D20: Fecha de ejecucion prevista | E20: Comentarios | F20: Fecha de cierre real (¿Terminado?)
D21: Fecha | E21: Comentarios | F21: Fecha (¿Hecho?)
B32: OBJETIVO 3
B33: META:
B34: Accion correctiva / Plan de accion | C34: Responsable | D34: Fecha de ejecucion prevista | E34: Comentarios | F34: Fecha de cierre real (¿Terminado?)
D35: Fecha | E35: Comentarios | F35: Fecha (¿Hecho?)

Sheet EOR PV 266
B1: Evaluación de seguridad alimentaria One Inspire
B3: Nombre y ubicación de la tienda: | C3: PV 266 CARRERA 15 No. 95-55
B4: Nombre de la persona que completa el formulario | C4: JULIAN TORRES - CAROLINA ZAMORA | G4: Riesgos inminentes para la salud | H4: =IF(COUNTIF(BB6,"0")>0,"PASA","NO PASA") -> PASA | BA4: Sí | BB4: =COUNTIF(E17:F23,BA4) -> 0 | BC4: 0 RSI
B5: Fecha | C5: 46273 | G5: Categoría | H5: Puntos disponibles | I5: Puntos otorgados | J5: Porcentaje
G6: Limpieza y Saneamiento | H6: 31 | I6: =SUM(F25:F31) -> 23 | J6: =I6/H6 -> 0.74193548 | BA6: No | BB6: =COUNTIF(E17:F23,BA6) -> 0 | BC6: RSI
B7: Puntuación: Valores en puntos | C7: 1. Cada pregunta vale 1, 5 o 7 puntos (los puntos son todo o nada) para un total de 117 puntos posibles. | G7: Salud e higiene de los empleados | H7: 18 | I7: =SUM(F32:F35) -> 13 | J7: =I7/H7 -> 0.72222222 | BA7: Curado en el momento | BB7: =COUNTIF(E17:F23,BA7) -> 0 | BC7: RSI CIM
C8: 2. Riesgo inminente para la salud (IHR): No hay valores asignados a las 7 preguntas; marque dentro de la pregunta crítica sistémica apropiada, escale el problema según sea necesario y aplique acciones correctivas inmediatas. Si hay un riesgo inminente para la salud (IHR) en el momento de la evaluación, entonces la pregunta crítica correspondiente dentro de la evaluación debe marcarse con un "No", independientemente de si el IHR se cura en el momento. Si hay un IHR, la revisión continuará y se completará en su totalidad para ayudar a descubrir la causa raíz del IHR. | G8: Hora y temperatura | H8: 31 | I8: =SUM(F36:F40) -> 31 | J8: =I8/H8 -> 1
G9: Buenas prácticas de venta minorista | H9: 19 | I9: =SUM(F41:F45) -> 18 | J9: =I9/H9 -> 0.94736842
G10: Manejo de plagas | H10: 13 | I10: =SUM(F46:F48) -> 12 | J10: =I10/H10 -> 0.92307692
B11: Calificaciones de riesgo | C11: Actividades de seguimiento | G11: Documentación | H11: 5 | I11: =SUM(F49:F53) -> 4 | J11: =I11/H11 -> 0.8
B12: Riesgo bajo 90% o más | C12: El restaurante cumple con la mayoría de los estándares de seguridad alimentaria. Las acciones correctivas para todos los hallazgos deben tomarse dentro de los 5 días posteriores a la recepción del informe de evaluación final. Realice un seguimiento con el equipo del restaurante para asegurarse de que se corrijan las oportunidades, se capacite a los miembros del equipo, etc. | G12: Total | H12: =SUM(H6:H11) -> 117 | I12: =SUM(I6:I11) -> 101 | J12: =I12/H12 -> 0.86324786
B13: Riesgo moderado 71% – 89% | C13: El restaurante cumple con algunas normas de seguridad alimentaria. Las medidas correctivas para todos los hallazgos deben tomarse dentro de los 5 días posteriores a la recepción del informe de evaluación final. Es posible que sea necesario realizar una documentación de seguimiento o una nueva visita para cualquier problema que no se haya corregido en el momento.
B14: Riesgo alto 70% o menos | C14: El restaurante no cumple con los estándares de seguridad alimentaria. Las acciones correctivas para todos los hallazgos deben tomarse dentro de los 5 días posteriores a la recepción del informe de evaluación final. Se debe realizar una nueva evaluación dentro de los 30 a 45 días para verificar que se corrijan las oportunidades y se eliminen las causas fundamentales. | G14: Puntuación FSA % y resultado de riesgo | I14: =J12 -> 0.86324786
B16: Riesgos inminentes para la salud | E16: Respuesta | G16: Comentarios
B17: Riesgos inminentes para la salud | C17: 1 | D17: IHR.1 Hay agua corriente caliente y fría disponible NOTA: Citar bajo pregunta GRP.3 | E17: Yes | AY17: =E17 -> Yes | BA17: Sí | BB17: =COUNTIF(AY17:AY23,BA17) -> 0 | BC17: 0 RSI
C18: 2 | D18: RSI.2 El gerente y los miembros del equipo están libres de enfermedades y síntomas NOTA: Citar bajo la pregunta GRP.3 | E18: Yes | AY18: =E18 -> Yes | BA18: No | BB18: =COUNTIF(AY17:AY23,BA18) -> 0 | BC18: RSI
C19: 3 | D19: RSI.3 Libre de productos adulterados/contaminados NOTA: Citar bajo pregunta GRP.3 | E19: Yes | AY19: =E19 -> Yes | BA19: Curado en el momento | BB19: =COUNTIF(AY17:AY23,BA19) -> 0 | BC19: RSI CIM
C20: 4 | D20: IHR.4 Libre de inundaciones/respaldo de alcantarillado NOTA: Citar bajo pregunta GRP.3 | E20: Yes | AY20: =E20 -> Yes
C21: 5 | D21: IHR.5 Libre de infestaciones de plagas que provoquen contaminación de alimentos y superficies en contacto. NOTA: Citar bajo la pregunta PM.1 | E21: Yes
C22: 6 | D22: IHR.6 Restaurante cuenta con sanitizante NOTA: Citar bajo pregunta GRP.3 | E22: Yes | AY22: =E22 -> Yes
C23: 7 | D23: IHR.7 Se proporcionan lavabos para lavarse las manos NOTA: Citar bajo pregunta GRP.3 | E23: Yes | AY23: =E23 -> Yes
B24: Sistemas de seguridad alimentaria en el comercio minorista | E24: Respuesta | F24: Agujas | G24: Comentarios
B25: Limpieza y Saneamiento | C25: 1 | D25: CS.1 (Mayor) El agua caliente alcanza un mínimo de 85 °F (29 °C) en todos los lavamanos, 110 °F (43 °C) en los lavaplatos y 160 °F (71 °C) de temperatura superficial en todas las máquinas lavaplatos de alta temperatura. | E25: Yes | F25: =IF(E25="Yes",5,0) -> 5
C26: 2 | D26: CS.2 (Principal) El desinfectante se encuentra en la concentración adecuada en todos los lavabos, baldes, tazas y lavadoras de vajilla a baja temperatura. | E26: Yes | F26: =IF(E26="Yes",5,0) -> 5
C27: 3 | D27: CS.3 (Principal) Todos los productos químicos están aprobados, etiquetados adecuadamente y almacenados correctamente. | E27: Yes | F27: =IF(E27="Yes",5,0) -> 5
C28: 4 | D28: CS.4 (Menor) Locales exteriores e interiores (parte trasera de la casa) Las superficies que no entran en contacto con alimentos están limpias y se mantienen | E28: No | F28: =IF(E28="Yes",1,0) -> 0 | G28: Paredes con exceso de suciedad, pocetas con posibilidades de mejora en limpiza
C29: 5 | D29: CS.5 (Menor) Todos los fregaderos y lavavajillas están instalados correctamente y se utilizan adecuadamente. | E29: Yes | F29: =IF(E29="Yes",1,0) -> 1
C30: 6 | D30: CS.6 (Crítico) Los equipos en uso y las mesas de preparación se limpian y desinfectan con la frecuencia adecuada y se mantienen | E30: Yes | F30: =IF(E30="Yes",7,0) -> 7
C31: 7 | D31: CS.7 (Crítico) Los utensilios en uso y los artículos pequeños se limpian y desinfectan con la frecuencia adecuada y se mantienen | E31: No | F31: =IF(E31="Yes",7,0) -> 0 | G31: Jabonera con residuos de suciedad. Espatula almacenada con residuos de queso.
B32: Salud e higiene de los empleados | C32: 1 | D32: EH.1 (Menor) La persona a cargo comprende los estándares de marca para enfermedades y síntomas notificables y los miembros del equipo saben qué informar. | E32: Yes | F32: =IF(E32="Yes",1,0) -> 1
C33: 2 | D33: EH.2 (Mayor) Los lavabos para lavarse las manos están completamente abastecidos y los miembros del equipo se lavan las manos correctamente. | E33: Yes | F33: =IF(E33="Yes",5,0) -> 5
C34: 3 | D34: EH.3 (Mayor) Los miembros del equipo están siguiendo prácticas de higiene. | E34: No | F34: =IF(E34="Yes",5,0) -> 0 | G34: No hay lavado de manos en cada cambio de actividad
C35: 4 | D35: EH.4 (Crítico) Los miembros del equipo usan guantes correctamente y evitan el contacto con las manos desnudas. | E35: Yes | F35: =IF(E35="Yes",7,0) -> 7
B36: Hora y temperatura | C36: 1 | D36: TT.1 (Crítico) Alimentos refrigerados mantenidos a 41 °F (5°C) o menos | E36: Yes | F36: =IF(E36="Yes",7,0) -> 7
C37: 2 | D37: TT.2 (Principal) Control de tiempo y temperatura para seguridad (TCS) Los alimentos se manipulan adecuadamente | E37: Yes | F37: =IF(E37="Yes",5,0) -> 5
C38: 3 | D38: TT.3 (Crítico) Los alimentos se cocinan a la temperatura correcta.NOTA: Si la comida no se cocina en este lugar, marque con un círculo los puntos obtenidos como 7 | E38: Yes | F38: =IF(OR(E38="Yes",E38="NA"),7,0) -> 7
C39: 4 | D39: TT.4 (Crítico) Control de tiempo/temperatura para seguridad (TCS) Los alimentos en almacenamiento en caliente se mantienen a ≥ 135 °F (65°C) NOTA: Si no se mantiene caliente en esta ubicación, marque con un círculo los puntos obtenidos como 7 | E39: NA | F39: =IF(OR(E39="Yes",E39="NA"),7,0) -> 7
C40: 5 | D40: TT.5 (Principal) Los termómetros están calibrados adecuadamente y en uso. | E40: Yes | F40: =IF(E40="Yes",5,0) -> 5
B41: Buenas prácticas de venta minorista | C41: 1 | D41: GRP.1 (Mayor) Los alimentos y envases se almacenan de manera que estén protegidos y se cumplen todos los requisitos de gestión de alérgenos. | E41: Yes | F41: =IF(E41="Yes",5,0) -> 5
C42: 2 | D42: GRP.2 (Mayor) Las superficies en contacto con alimentos están protegidas de la contaminación y se manipulan adecuadamente. | E42: Yes | F42: =IF(E42="Yes",5,0) -> 5
C43: 3 | D43: GRP.3 (Crítico) Se han establecido normas de prevención de la contaminación y se siguen adecuadamente las prácticas para prevenir la contaminación cruzada. | E43: Yes | F43: =IF(E43="Yes",7,0) -> 7
C44: 4 | D44: GRP.4 (Menor) Todos los alimentos están aprobados, dentro del código de fecha y etiquetados correctamente. | E44: No | F44: =IF(E44="Yes",1,0) -> 0 | G44: Te en polvo sin rotulo. Bottellon de agua sin rotulo. Azucar donuts sin rotulo
C45: 5 | D45: GRP.5 (Menor) El embalaje se utiliza de forma aprobada | E45: Yes | F45: =IF(E45="Yes",1,0) -> 1
B46: Manejo de plagas | C46: 1 | D46: PM.1 (Crítico) El restaurante está libre de evidencia de plagas y está recibiendo servicio de control de plagas. | E46: Yes | F46: =IF(E46="Yes",7,0) -> 7
C47: 2 | D47: PM.2 (Mayor) Todo el equipo de control de plagas requerido está presente y el servicio de control de plagas se realiza al menos una vez al mes. | E47: Yes | F47: =IF(E47="Yes",5,0) -> 5
C48: 3 | D48: PM.3 (Menor) Toda la documentación requerida sobre plagas está disponible (licencia, informes, etc.) | E48: No | F48: =IF(E48="Yes",1,0) -> 0 | G48: Falta documentacion de certificados de fumigacion desde diciembre 2025
B49: Documentación | C49: 1 | D49: DOC.1 (Menor) Los documentos de temperatura de mantenimiento en frío (incluidos los registros de enfriamiento y descongelación) están completos, son precisos y incluyen acciones correctivas. | E49: Yes | F49: =IF(E49="Yes",1,0) -> 1
C50: 2 | D50: DOC.2 (Menor) Los documentos de temperatura de cocción están completos, son precisos y incluyen acciones correctivas.NOTA: Si no se cocina en esta ubicación, marque con un círculo los puntos obtenidos como 1 | E50: Yes | F50: =IF(OR(E50="Yes",E50="NA"),1,0) -> 1
C51: 3 | D51: DOC.3 (Menor) Los documentos de temperatura de mantenimiento en caliente están completos, son precisos y incluyen acciones correctivas.NOTA: Si no se mantiene caliente en esta ubicación, marque con un círculo los puntos obtenidos como 1 | E51: Yes | F51: =IF(OR(E51="Yes",E51="NA"),1,0) -> 1
C52: 4 | D52: DOC.4 (Menor) Los documentos recibidos están completos, son precisos y tienen acciones correctivas. | E52: Yes | F52: =IF(E52="Yes",1,0) -> 1
C53: 5 | D53: DOC.5 (Menor) La documentación y los recursos adicionales requeridos en materia de seguridad alimentaria están presentes y son accesibles según sea necesario. | E53: No | F53: =IF(E53="Yes",1,0) -> 0 | G53: Faltan documentos de manipulacion de Jhon y Julian

Sheet P.A. PV 266
B2: Una plantilla de plan de acción mensual de InspireUtilice los resultados de One Inspire para crear un plan de acción para cerrar las brechas con los estándares de la marca. Todo aquello que no haya obtenido una puntuación "sí" en One Inspire es una brecha. Utilice el formato de objetivo SMART (específico, medible, alcanzable, realista y oportuno).
B3: OBJETIVO 1
B4: META:
B5: Accion correctiva / Plan de accion | C5: Responsable | D5: Fecha de ejecucion prevista | E5: Comentarios | F5: Fecha de cierre real (¿Terminado?)
D6: Fecha | E6: Comentarios | F6: Fecha (¿Hecho?)
B7: Programar con mayo frecuenncia el lavado de paredes y pocetas | C7: JULIAN RODRIGUEZ | D7: 46295
B8: Reforzar lavado de jabonera con mayor frecuencia, poner en cronograma de aseo | C8: JULIAN RODRIGUEZ | D8: 46295
B9: Exigir cn mayo frecuencia el lavado de manos en cambios de actividad | C9: JULIAN RODRIGUEZ | D9: 46295
B10: Imprimir y archivar ibfirmacon faltante en caroeta de snaidad alimnetaria | C10: JULIAN RODRIGUEZ | D10: 46295
B11: Reforzar el conocimiento en rotulacion y hacerseguimiento continuo | C11: JULIAN RODRIGUEZ | D11: 46295
B18: OBJETIVO 2
B19: META:
B20: Accion correctiva / Plan de accion | C20: Responsable | D20: Fecha de ejecucion prevista | E20: Comentarios | F20: Fecha de cierre real (¿Terminado?)
D21: Fecha | E21: Comentarios | F21: Fecha (¿Hecho?)
B32: OBJETIVO 3
B33: META:
B34: Accion correctiva / Plan de accion | C34: Responsable | D34: Fecha de ejecucion prevista | E34: Comentarios | F34: Fecha de cierre real (¿Terminado?)
D35: Fecha | E35: Comentarios | F35: Fecha (¿Hecho?)

Sheet EOR PV 244
B1: Evaluación de seguridad alimentaria One Inspire
B3: Nombre y ubicación de la tienda: | C3: PV 244 CALLE 100 No. 8a-49 LOCAL 129, ED. WORLD TRADE CENTER
B4: Nombre de la persona que completa el formulario | C4: CAMILO TORRES - CAROLINA ZAMORA CASTILLO | G4: Riesgos inminentes para la salud | H4: =IF(COUNTIF(BB6,"0")>0,"PASA","NO PASA") -> PASA | BA4: Sí | BB4: =COUNTIF(E17:F23,BA4) -> 0 | BC4: 0 RSI
B5: Fecha | C5: 46274 | G5: Categoría | H5: Puntos disponibles | I5: Puntos otorgados | J5: Porcentaje
G6: Limpieza y Saneamiento | H6: 31 | I6: =SUM(F25:F31) -> 23 | J6: =I6/H6 -> 0.74193548 | BA6: No | BB6: =COUNTIF(E17:F23,BA6) -> 0 | BC6: RSI
B7: Puntuación: Valores en puntos | C7: 1. Cada pregunta vale 1, 5 o 7 puntos (los puntos son todo o nada) para un total de 117 puntos posibles. | G7: Salud e higiene de los empleados | H7: 18 | I7: =SUM(F32:F35) -> 12 | J7: =I7/H7 -> 0.66666667 | BA7: Curado en el momento | BB7: =COUNTIF(E17:F23,BA7) -> 0 | BC7: RSI CIM
C8: 2. Riesgo inminente para la salud (IHR): No hay valores asignados a las 7 preguntas; marque dentro de la pregunta crítica sistémica apropiada, escale el problema según sea necesario y aplique acciones correctivas inmediatas. Si hay un riesgo inminente para la salud (IHR) en el momento de la evaluación, entonces la pregunta crítica correspondiente dentro de la evaluación debe marcarse con un "No", independientemente de si el IHR se cura en el momento. Si hay un IHR, la revisión continuará y se completará en su totalidad para ayudar a descubrir la causa raíz del IHR. | G8: Hora y temperatura | H8: 31 | I8: =SUM(F36:F40) -> 31 | J8: =I8/H8 -> 1
G9: Buenas prácticas de venta minorista | H9: 19 | I9: =SUM(F41:F45) -> 19 | J9: =I9/H9 -> 1
G10: Manejo de plagas | H10: 13 | I10: =SUM(F46:F48) -> 13 | J10: =I10/H10 -> 1
B11: Calificaciones de riesgo | C11: Actividades de seguimiento | G11: Documentación | H11: 5 | I11: =SUM(F49:F53) -> 5 | J11: =I11/H11 -> 1
B12: Riesgo bajo 90% o más | C12: El restaurante cumple con la mayoría de los estándares de seguridad alimentaria. Las acciones correctivas para todos los hallazgos deben tomarse dentro de los 5 días posteriores a la recepción del informe de evaluación final. Realice un seguimiento con el equipo del restaurante para asegurarse de que se corrijan las oportunidades, se capacite a los miembros del equipo, etc. | G12: Total | H12: =SUM(H6:H11) -> 117 | I12: =SUM(I6:I11) -> 103 | J12: =I12/H12 -> 0.88034188
B13: Riesgo moderado 71% – 89% | C13: El restaurante cumple con algunas normas de seguridad alimentaria. Las medidas correctivas para todos los hallazgos deben tomarse dentro de los 5 días posteriores a la recepción del informe de evaluación final. Es posible que sea necesario realizar una documentación de seguimiento o una nueva visita para cualquier problema que no se haya corregido en el momento.
B14: Riesgo alto 70% o menos | C14: El restaurante no cumple con los estándares de seguridad alimentaria. Las acciones correctivas para todos los hallazgos deben tomarse dentro de los 5 días posteriores a la recepción del informe de evaluación final. Se debe realizar una nueva evaluación dentro de los 30 a 45 días para verificar que se corrijan las oportunidades y se eliminen las causas fundamentales. | G14: Puntuación FSA % y resultado de riesgo | I14: =J12 -> 0.88034188
B16: Riesgos inminentes para la salud | E16: Respuesta | G16: Comentarios
B17: Riesgos inminentes para la salud | C17: 1 | D17: IHR.1 Hay agua corriente caliente y fría disponible NOTA: Citar bajo pregunta GRP.3 | E17: Yes | AY17: =E17 -> Yes | BA17: Sí | BB17: =COUNTIF(AY17:AY23,BA17) -> 0 | BC17: 0 RSI
C18: 2 | D18: RSI.2 El gerente y los miembros del equipo están libres de enfermedades y síntomas NOTA: Citar bajo la pregunta GRP.3 | E18: Yes | AY18: =E18 -> Yes | BA18: No | BB18: =COUNTIF(AY17:AY23,BA18) -> 0 | BC18: RSI
C19: 3 | D19: RSI.3 Libre de productos adulterados/contaminados NOTA: Citar bajo pregunta GRP.3 | E19: Yes | AY19: =E19 -> Yes | BA19: Curado en el momento | BB19: =COUNTIF(AY17:AY23,BA19) -> 0 | BC19: RSI CIM
C20: 4 | D20: IHR.4 Libre de inundaciones/respaldo de alcantarillado NOTA: Citar bajo pregunta GRP.3 | E20: Yes | AY20: =E20 -> Yes
C21: 5 | D21: IHR.5 Libre de infestaciones de plagas que provoquen contaminación de alimentos y superficies en contacto. NOTA: Citar bajo la pregunta PM.1 | E21: Yes
C22: 6 | D22: IHR.6 Restaurante cuenta con sanitizante NOTA: Citar bajo pregunta GRP.3 | E22: Yes | AY22: =E22 -> Yes
C23: 7 | D23: IHR.7 Se proporcionan lavabos para lavarse las manos NOTA: Citar bajo pregunta GRP.3 | E23: Yes | AY23: =E23 -> Yes
B24: Sistemas de seguridad alimentaria en el comercio minorista | E24: Respuesta | F24: Agujas | G24: Comentarios
B25: Limpieza y Saneamiento | C25: 1 | D25: CS.1 (Mayor) El agua caliente alcanza un mínimo de 85 °F (29 °C) en todos los lavamanos, 110 °F (43 °C) en los lavaplatos y 160 °F (71 °C) de temperatura superficial en todas las máquinas lavaplatos de alta temperatura. | E25: Yes | F25: =IF(E25="Yes",5,0) -> 5
C26: 2 | D26: CS.2 (Principal) El desinfectante se encuentra en la concentración adecuada en todos los lavabos, baldes, tazas y lavadoras de vajilla a baja temperatura. | E26: Yes | F26: =IF(E26="Yes",5,0) -> 5
C27: 3 | D27: CS.3 (Principal) Todos los productos químicos están aprobados, etiquetados adecuadamente y almacenados correctamente. | E27: Yes | F27: =IF(E27="Yes",5,0) -> 5
C28: 4 | D28: CS.4 (Menor) Locales exteriores e interiores (parte trasera de la casa) Las superficies que no entran en contacto con alimentos están limpias y se mantienen | E28: Yes | F28: =IF(E28="Yes",1,0) -> 1
C29: 5 | D29: CS.5 (Menor) Todos los fregaderos y lavavajillas están instalados correctamente y se utilizan adecuadamente. | E29: No | F29: =IF(E29="Yes",1,0) -> 0 | G29: LAS POCETAS SE ENCUENTRAN SUCIAS
C30: 6 | D30: CS.6 (Crítico) Los equipos en uso y las mesas de preparación se limpian y desinfectan con la frecuencia adecuada y se mantienen | E30: Yes | F30: =IF(E30="Yes",7,0) -> 7
C31: 7 | D31: CS.7 (Crítico) Los utensilios en uso y los artículos pequeños se limpian y desinfectan con la frecuencia adecuada y se mantienen | E31: No | F31: =IF(E31="Yes",7,0) -> 0 | G31: SE EVIDENCIAN JARRAS CON LECHE Y ESPATULA GUARDADA CON RESIDUOS
B32: Salud e higiene de los empleados | C32: 1 | D32: EH.1 (Menor) La persona a cargo comprende los estándares de marca para enfermedades y síntomas notificables y los miembros del equipo saben qué informar. | E32: No | F32: =IF(E32="Yes",1,0) -> 0 | G32: EL PERSONAL NO TIENE CLARO LOS RIS Y LAS ENFERMEDADES
C33: 2 | D33: EH.2 (Mayor) Los lavabos para lavarse las manos están completamente abastecidos y los miembros del equipo se lavan las manos correctamente. | E33: Yes | F33: =IF(E33="Yes",5,0) -> 5
C34: 3 | D34: EH.3 (Mayor) Los miembros del equipo están siguiendo prácticas de higiene. | E34: No | F34: =IF(E34="Yes",5,0) -> 0 | G34: NO SE LAVAN LAS MANOS CON FRECUENCIA, NO SE QUITAN EL DELANTAL PARA REALIZAR EL ASEO
C35: 4 | D35: EH.4 (Crítico) Los miembros del equipo usan guantes correctamente y evitan el contacto con las manos desnudas. | E35: Yes | F35: =IF(E35="Yes",7,0) -> 7
B36: Hora y temperatura | C36: 1 | D36: TT.1 (Crítico) Alimentos refrigerados mantenidos a 41 °F (5°C) o menos | E36: Yes | F36: =IF(E36="Yes",7,0) -> 7
C37: 2 | D37: TT.2 (Principal) Control de tiempo y temperatura para seguridad (TCS) Los alimentos se manipulan adecuadamente | E37: Yes | F37: =IF(E37="Yes",5,0) -> 5
C38: 3 | D38: TT.3 (Crítico) Los alimentos se cocinan a la temperatura correcta.NOTA: Si la comida no se cocina en este lugar, marque con un círculo los puntos obtenidos como 7 | E38: Yes | F38: =IF(OR(E38="Yes",E38="NA"),7,0) -> 7
C39: 4 | D39: TT.4 (Crítico) Control de tiempo/temperatura para seguridad (TCS) Los alimentos en almacenamiento en caliente se mantienen a ≥ 135 °F (65°C) NOTA: Si no se mantiene caliente en esta ubicación, marque con un círculo los puntos obtenidos como 7 | E39: NA | F39: =IF(OR(E39="Yes",E39="NA"),7,0) -> 7
C40: 5 | D40: TT.5 (Principal) Los termómetros están calibrados adecuadamente y en uso. | E40: Yes | F40: =IF(E40="Yes",5,0) -> 5
B41: Buenas prácticas de venta minorista | C41: 1 | D41: GRP.1 (Mayor) Los alimentos y envases se almacenan de manera que estén protegidos y se cumplen todos los requisitos de gestión de alérgenos. | E41: Yes | F41: =IF(E41="Yes",5,0) -> 5
C42: 2 | D42: GRP.2 (Mayor) Las superficies en contacto con alimentos están protegidas de la contaminación y se manipulan adecuadamente. | E42: Yes | F42: =IF(E42="Yes",5,0) -> 5
C43: 3 | D43: GRP.3 (Crítico) Se han establecido normas de prevención de la contaminación y se siguen adecuadamente las prácticas para prevenir la contaminación cruzada. | E43: Yes | F43: =IF(E43="Yes",7,0) -> 7
C44: 4 | D44: GRP.4 (Menor) Todos los alimentos están aprobados, dentro del código de fecha y etiquetados correctamente. | E44: Yes | F44: =IF(E44="Yes",1,0) -> 1
C45: 5 | D45: GRP.5 (Menor) El embalaje se utiliza de forma aprobada | E45: Yes | F45: =IF(E45="Yes",1,0) -> 1
B46: Manejo de plagas | C46: 1 | D46: PM.1 (Crítico) El restaurante está libre de evidencia de plagas y está recibiendo servicio de control de plagas. | E46: Yes | F46: =IF(E46="Yes",7,0) -> 7
C47: 2 | D47: PM.2 (Mayor) Todo el equipo de control de plagas requerido está presente y el servicio de control de plagas se realiza al menos una vez al mes. | E47: Yes | F47: =IF(E47="Yes",5,0) -> 5
C48: 3 | D48: PM.3 (Menor) Toda la documentación requerida sobre plagas está disponible (licencia, informes, etc.) | E48: Yes | F48: =IF(E48="Yes",1,0) -> 1
B49: Documentación | C49: 1 | D49: DOC.1 (Menor) Los documentos de temperatura de mantenimiento en frío (incluidos los registros de enfriamiento y descongelación) están completos, son precisos y incluyen acciones correctivas. | E49: Yes | F49: =IF(E49="Yes",1,0) -> 1
C50: 2 | D50: DOC.2 (Menor) Los documentos de temperatura de cocción están completos, son precisos y incluyen acciones correctivas.NOTA: Si no se cocina en esta ubicación, marque con un círculo los puntos obtenidos como 1 | E50: Yes | F50: =IF(OR(E50="Yes",E50="NA"),1,0) -> 1
C51: 3 | D51: DOC.3 (Menor) Los documentos de temperatura de mantenimiento en caliente están completos, son precisos y incluyen acciones correctivas.NOTA: Si no se mantiene caliente en esta ubicación, marque con un círculo los puntos obtenidos como 1 | E51: NA | F51: =IF(OR(E51="Yes",E51="NA"),1,0) -> 1
C52: 4 | D52: DOC.4 (Menor) Los documentos recibidos están completos, son precisos y tienen acciones correctivas. | E52: Yes | F52: =IF(E52="Yes",1,0) -> 1
C53: 5 | D53: DOC.5 (Menor) La documentación y los recursos adicionales requeridos en materia de seguridad alimentaria están presentes y son accesibles según sea necesario. | E53: Yes | F53: =IF(E53="Yes",1,0) -> 1

Sheet P.A. PV 244
B2: Una plantilla de plan de acción mensual de InspireUtilice los resultados de One Inspire para crear un plan de acción para cerrar las brechas con los estándares de la marca. Todo aquello que no haya obtenido una puntuación "sí" en One Inspire es una brecha. Utilice el formato de objetivo SMART (específico, medible, alcanzable, realista y oportuno).
B3: OBJETIVO 1
B4: META:
B5: Accion correctiva / Plan de accion | C5: Responsable | D5: Fecha de ejecucion prevista | E5: Comentarios | F5: Fecha de cierre real (¿Terminado?)
D6: Fecha | E6: Comentarios | F6: Fecha (¿Hecho?)
B7: REFORZAR EL LAVADO DE POCETAS CON MAYOR FRECUENCIA | C7: CAMILO TORRES | D7: INMEDIATO
B8: REALIZAR REFUERZO SOBRE EL LAVADO DE UTENSILIOS CON FRECUENCIA DE 4 HORAS O MENOR DE SER NECESARIO | C8: CAMILO TORRES | D8: INMEDIATO
B9: REALIZAR CAPACITACION CONTNUA SOBRE LOS RIS Y ENFERMADES | C9: CAMILO TORRES | D9: 31/09/2026
B10: REALIAR RETROALIMENTACION SOBRE PRACTICAS DE HIGIENE | C10: CAMILO TORRES | D10: 31/09/2026
C11: CAMILO TORRES
B18: OBJETIVO 2
B19: META:
B20: Accion correctiva / Plan de accion | C20: Responsable | D20: Fecha de ejecucion prevista | E20: Comentarios | F20: Fecha de cierre real (¿Terminado?)
D21: Fecha | E21: Comentarios | F21: Fecha (¿Hecho?)
B32: OBJETIVO 3
B33: META:
B34: Accion correctiva / Plan de accion | C34: Responsable | D34: Fecha de ejecucion prevista | E34: Comentarios | F34: Fecha de cierre real (¿Terminado?)
D35: Fecha | E35: Comentarios | F35: Fecha (¿Hecho?)

Sheet EOR PV 285
B1: Evaluación de seguridad alimentaria One Inspire
B3: Nombre y ubicación de la tienda: | C3: PV 285 Calle 100 No. 13-95, local 1er piso, Torre Empresarial FD-100
B4: Nombre de la persona que completa el formulario | C4: CAMILO TORRES - CAROLINA ZAMORA | G4: Riesgos inminentes para la salud | H4: =IF(COUNTIF(BB6,"0")>0,"PASA","NO PASA") -> PASA | BA4: Sí | BB4: =COUNTIF(E17:F23,BA4) -> 0 | BC4: 0 RSI
B5: Fecha | C5: 46274 | G5: Categoría | H5: Puntos disponibles | I5: Puntos otorgados | J5: Porcentaje
G6: Limpieza y Saneamiento | H6: 31 | I6: =SUM(F25:F31) -> 18 | J6: =I6/H6 -> 0.58064516 | BA6: No | BB6: =COUNTIF(E17:F23,BA6) -> 0 | BC6: RSI
B7: Puntuación: Valores en puntos | C7: 1. Cada pregunta vale 1, 5 o 7 puntos (los puntos son todo o nada) para un total de 117 puntos posibles. | G7: Salud e higiene de los empleados | H7: 18 | I7: =SUM(F32:F35) -> 12 | J7: =I7/H7 -> 0.66666667 | BA7: Curado en el momento | BB7: =COUNTIF(E17:F23,BA7) -> 0 | BC7: RSI CIM
C8: 2. Riesgo inminente para la salud (IHR): No hay valores asignados a las 7 preguntas; marque dentro de la pregunta crítica sistémica apropiada, escale el problema según sea necesario y aplique acciones correctivas inmediatas. Si hay un riesgo inminente para la salud (IHR) en el momento de la evaluación, entonces la pregunta crítica correspondiente dentro de la evaluación debe marcarse con un "No", independientemente de si el IHR se cura en el momento. Si hay un IHR, la revisión continuará y se completará en su totalidad para ayudar a descubrir la causa raíz del IHR. | G8: Hora y temperatura | H8: 31 | I8: =SUM(F36:F40) -> 31 | J8: =I8/H8 -> 1
G9: Buenas prácticas de venta minorista | H9: 19 | I9: =SUM(F41:F45) -> 18 | J9: =I9/H9 -> 0.94736842
G10: Manejo de plagas | H10: 13 | I10: =SUM(F46:F48) -> 13 | J10: =I10/H10 -> 1
B11: Calificaciones de riesgo | C11: Actividades de seguimiento | G11: Documentación | H11: 5 | I11: =SUM(F49:F53) -> 5 | J11: =I11/H11 -> 1
B12: Riesgo bajo 90% o más | C12: El restaurante cumple con la mayoría de los estándares de seguridad alimentaria. Las acciones correctivas para todos los hallazgos deben tomarse dentro de los 5 días posteriores a la recepción del informe de evaluación final. Realice un seguimiento con el equipo del restaurante para asegurarse de que se corrijan las oportunidades, se capacite a los miembros del equipo, etc. | G12: Total | H12: =SUM(H6:H11) -> 117 | I12: =SUM(I6:I11) -> 97 | J12: =I12/H12 -> 0.82905983
B13: Riesgo moderado 71% – 89% | C13: El restaurante cumple con algunas normas de seguridad alimentaria. Las medidas correctivas para todos los hallazgos deben tomarse dentro de los 5 días posteriores a la recepción del informe de evaluación final. Es posible que sea necesario realizar una documentación de seguimiento o una nueva visita para cualquier problema que no se haya corregido en el momento.
B14: Riesgo alto 70% o menos | C14: El restaurante no cumple con los estándares de seguridad alimentaria. Las acciones correctivas para todos los hallazgos deben tomarse dentro de los 5 días posteriores a la recepción del informe de evaluación final. Se debe realizar una nueva evaluación dentro de los 30 a 45 días para verificar que se corrijan las oportunidades y se eliminen las causas fundamentales. | G14: Puntuación FSA % y resultado de riesgo | I14: =J12 -> 0.82905983
B16: Riesgos inminentes para la salud | E16: Respuesta | G16: Comentarios
B17: Riesgos inminentes para la salud | C17: 1 | D17: IHR.1 Hay agua corriente caliente y fría disponible NOTA: Citar bajo pregunta GRP.3 | E17: Yes | AY17: =E17 -> Yes | BA17: Sí | BB17: =COUNTIF(AY17:AY23,BA17) -> 0 | BC17: 0 RSI
C18: 2 | D18: RSI.2 El gerente y los miembros del equipo están libres de enfermedades y síntomas NOTA: Citar bajo la pregunta GRP.3 | E18: Yes | AY18: =E18 -> Yes | BA18: No | BB18: =COUNTIF(AY17:AY23,BA18) -> 0 | BC18: RSI
C19: 3 | D19: RSI.3 Libre de productos adulterados/contaminados NOTA: Citar bajo pregunta GRP.3 | E19: Yes | AY19: =E19 -> Yes | BA19: Curado en el momento | BB19: =COUNTIF(AY17:AY23,BA19) -> 0 | BC19: RSI CIM
C20: 4 | D20: IHR.4 Libre de inundaciones/respaldo de alcantarillado NOTA: Citar bajo pregunta GRP.3 | E20: Yes | AY20: =E20 -> Yes
C21: 5 | D21: IHR.5 Libre de infestaciones de plagas que provoquen contaminación de alimentos y superficies en contacto. NOTA: Citar bajo la pregunta PM.1 | E21: Yes
C22: 6 | D22: IHR.6 Restaurante cuenta con sanitizante NOTA: Citar bajo pregunta GRP.3 | E22: Yes | AY22: =E22 -> Yes
C23: 7 | D23: IHR.7 Se proporcionan lavabos para lavarse las manos NOTA: Citar bajo pregunta GRP.3 | E23: Yes | AY23: =E23 -> Yes
B24: Sistemas de seguridad alimentaria en el comercio minorista | E24: Respuesta | F24: Agujas | G24: Comentarios
B25: Limpieza y Saneamiento | C25: 1 | D25: CS.1 (Mayor) El agua caliente alcanza un mínimo de 85 °F (29 °C) en todos los lavamanos, 110 °F (43 °C) en los lavaplatos y 160 °F (71 °C) de temperatura superficial en todas las máquinas lavaplatos de alta temperatura. | E25: Yes | F25: =IF(E25="Yes",5,0) -> 5
C26: 2 | D26: CS.2 (Principal) El desinfectante se encuentra en la concentración adecuada en todos los lavabos, baldes, tazas y lavadoras de vajilla a baja temperatura. | E26: No | F26: =IF(E26="Yes",5,0) -> 0 | G26: No da la concentracion de sanitizante en recipientes
C27: 3 | D27: CS.3 (Principal) Todos los productos químicos están aprobados, etiquetados adecuadamente y almacenados correctamente. | E27: Yes | F27: =IF(E27="Yes",5,0) -> 5
C28: 4 | D28: CS.4 (Menor) Locales exteriores e interiores (parte trasera de la casa) Las superficies que no entran en contacto con alimentos están limpias y se mantienen | E28: Yes | F28: =IF(E28="Yes",1,0) -> 1
C29: 5 | D29: CS.5 (Menor) Todos los fregaderos y lavavajillas están instalados correctamente y se utilizan adecuadamente. | E29: No | F29: =IF(E29="Yes",1,0) -> 0 | G29: Las pocetas se encuentran con residuos de suciedad
C30: 6 | D30: CS.6 (Crítico) Los equipos en uso y las mesas de preparación se limpian y desinfectan con la frecuencia adecuada y se mantienen | E30: Yes | F30: =IF(E30="Yes",7,0) -> 7
C31: 7 | D31: CS.7 (Crítico) Los utensilios en uso y los artículos pequeños se limpian y desinfectan con la frecuencia adecuada y se mantienen | E31: No | F31: =IF(E31="Yes",7,0) -> 0 | G31: Se evidencia residuos de leche en jarras
B32: Salud e higiene de los empleados | C32: 1 | D32: EH.1 (Menor) La persona a cargo comprende los estándares de marca para enfermedades y síntomas notificables y los miembros del equipo saben qué informar. | E32: No | F32: =IF(E32="Yes",1,0) -> 0 | G32: El perosnal no recnce los RIS
C33: 2 | D33: EH.2 (Mayor) Los lavabos para lavarse las manos están completamente abastecidos y los miembros del equipo se lavan las manos correctamente. | E33: Yes | F33: =IF(E33="Yes",5,0) -> 5
C34: 3 | D34: EH.3 (Mayor) Los miembros del equipo están siguiendo prácticas de higiene. | E34: No | F34: =IF(E34="Yes",5,0) -> 0 | G34: No se quitan el delantal para hacer aseo
C35: 4 | D35: EH.4 (Crítico) Los miembros del equipo usan guantes correctamente y evitan el contacto con las manos desnudas. | E35: Yes | F35: =IF(E35="Yes",7,0) -> 7
B36: Hora y temperatura | C36: 1 | D36: TT.1 (Crítico) Alimentos refrigerados mantenidos a 41 °F (5°C) o menos | E36: Yes | F36: =IF(E36="Yes",7,0) -> 7
C37: 2 | D37: TT.2 (Principal) Control de tiempo y temperatura para seguridad (TCS) Los alimentos se manipulan adecuadamente | E37: Yes | F37: =IF(E37="Yes",5,0) -> 5
C38: 3 | D38: TT.3 (Crítico) Los alimentos se cocinan a la temperatura correcta.NOTA: Si la comida no se cocina en este lugar, marque con un círculo los puntos obtenidos como 7 | E38: Yes | F38: =IF(OR(E38="Yes",E38="NA"),7,0) -> 7
C39: 4 | D39: TT.4 (Crítico) Control de tiempo/temperatura para seguridad (TCS) Los alimentos en almacenamiento en caliente se mantienen a ≥ 135 °F (65°C) NOTA: Si no se mantiene caliente en esta ubicación, marque con un círculo los puntos obtenidos como 7 | E39: Yes | F39: =IF(OR(E39="Yes",E39="NA"),7,0) -> 7
C40: 5 | D40: TT.5 (Principal) Los termómetros están calibrados adecuadamente y en uso. | E40: Yes | F40: =IF(E40="Yes",5,0) -> 5
B41: Buenas prácticas de venta minorista | C41: 1 | D41: GRP.1 (Mayor) Los alimentos y envases se almacenan de manera que estén protegidos y se cumplen todos los requisitos de gestión de alérgenos. | E41: Yes | F41: =IF(E41="Yes",5,0) -> 5
C42: 2 | D42: GRP.2 (Mayor) Las superficies en contacto con alimentos están protegidas de la contaminación y se manipulan adecuadamente. | E42: Yes | F42: =IF(E42="Yes",5,0) -> 5
C43: 3 | D43: GRP.3 (Crítico) Se han establecido normas de prevención de la contaminación y se siguen adecuadamente las prácticas para prevenir la contaminación cruzada. | E43: Yes | F43: =IF(E43="Yes",7,0) -> 7
C44: 4 | D44: GRP.4 (Menor) Todos los alimentos están aprobados, dentro del código de fecha y etiquetados correctamente. | E44: No | F44: =IF(E44="Yes",1,0) -> 0 | G44: Almojabanas sin rotulo
C45: 5 | D45: GRP.5 (Menor) El embalaje se utiliza de forma aprobada | E45: Yes | F45: =IF(E45="Yes",1,0) -> 1
B46: Manejo de plagas | C46: 1 | D46: PM.1 (Crítico) El restaurante está libre de evidencia de plagas y está recibiendo servicio de control de plagas. | E46: Yes | F46: =IF(E46="Yes",7,0) -> 7
C47: 2 | D47: PM.2 (Mayor) Todo el equipo de control de plagas requerido está presente y el servicio de control de plagas se realiza al menos una vez al mes. | E47: Yes | F47: =IF(E47="Yes",5,0) -> 5
C48: 3 | D48: PM.3 (Menor) Toda la documentación requerida sobre plagas está disponible (licencia, informes, etc.) | E48: Yes | F48: =IF(E48="Yes",1,0) -> 1
B49: Documentación | C49: 1 | D49: DOC.1 (Menor) Los documentos de temperatura de mantenimiento en frío (incluidos los registros de enfriamiento y descongelación) están completos, son precisos y incluyen acciones correctivas. | E49: Yes | F49: =IF(E49="Yes",1,0) -> 1
C50: 2 | D50: DOC.2 (Menor) Los documentos de temperatura de cocción están completos, son precisos y incluyen acciones correctivas.NOTA: Si no se cocina en esta ubicación, marque con un círculo los puntos obtenidos como 1 | E50: Yes | F50: =IF(OR(E50="Yes",E50="NA"),1,0) -> 1
C51: 3 | D51: DOC.3 (Menor) Los documentos de temperatura de mantenimiento en caliente están completos, son precisos y incluyen acciones correctivas.NOTA: Si no se mantiene caliente en esta ubicación, marque con un círculo los puntos obtenidos como 1 | E51: Yes | F51: =IF(OR(E51="Yes",E51="NA"),1,0) -> 1
C52: 4 | D52: DOC.4 (Menor) Los documentos recibidos están completos, son precisos y tienen acciones correctivas. | E52: Yes | F52: =IF(E52="Yes",1,0) -> 1
C53: 5 | D53: DOC.5 (Menor) La documentación y los recursos adicionales requeridos en materia de seguridad alimentaria están presentes y son accesibles según sea necesario. | E53: Yes | F53: =IF(E53="Yes",1,0) -> 1

Sheet P.A. PV 285
B2: Una plantilla de plan de acción mensual de InspireUtilice los resultados de One Inspire para crear un plan de acción para cerrar las brechas con los estándares de la marca. Todo aquello que no haya obtenido una puntuación "sí" en One Inspire es una brecha. Utilice el formato de objetivo SMART (específico, medible, alcanzable, realista y oportuno).
B3: OBJETIVO 1
B4: META:
B5: Accion correctiva / Plan de accion | C5: Responsable | D5: Fecha de ejecucion prevista | E5: Comentarios | F5: Fecha de cierre real (¿Terminado?)
D6: Fecha | E6: Comentarios | F6: Fecha (¿Hecho?)
B7: Realizar capacitacion y revision diaria en rotulacion | C7: CAMILO TORRES | D7: 46295
B8: Hacer revision diaria de sanitiznte y hacer retroalimentacion | C8: CAMILO TORRES | D8: 46295
B9: Reforzar lavado de poceta y cambiar cronograma para mejorar frecuencia | C9: CAMILO TORRES | D9: 46295
B10: Hacer Capacitacion continua sobre las enfermedades y RIS | C10: CAMILO TORRES | D10: 46295
B11: Hacer revision diaria sobre rotulacion y constante retroaliemtacion | C11: CAMILO TORRES | D11: 46295
B18: OBJETIVO 2
B19: META:
B20: Accion correctiva / Plan de accion | C20: Responsable | D20: Fecha de ejecucion prevista | E20: Comentarios | F20: Fecha de cierre real (¿Terminado?)
D21: Fecha | E21: Comentarios | F21: Fecha (¿Hecho?)
B32: OBJETIVO 3
B33: META:
B34: Accion correctiva / Plan de accion | C34: Responsable | D34: Fecha de ejecucion prevista | E34: Comentarios | F34: Fecha de cierre real (¿Terminado?)
D35: Fecha | E35: Comentarios | F35: Fecha (¿Hecho?)

Sheet EOR PV 225
B1: Evaluación de seguridad alimentaria One Inspire
B3: Nombre y ubicación de la tienda: | C3: PV 225 CALLE 100 No. 19-54 LOCAL 3 EPSON
B4: Nombre de la persona que completa el formulario | C4: KAREN NARVAEZ - CAROLINA ZAMORA | G4: Riesgos inminentes para la salud | H4: =IF(COUNTIF(BB6,"0")>0,"PASA","NO PASA") -> PASA | BA4: Sí | BB4: =COUNTIF(E17:F23,BA4) -> 0 | BC4: 0 RSI
B5: Fecha | C5: 46272 | G5: Categoría | H5: Puntos disponibles | I5: Puntos otorgados | J5: Porcentaje
G6: Limpieza y Saneamiento | H6: 31 | I6: =SUM(F25:F31) -> 26 | J6: =I6/H6 -> 0.83870968 | BA6: No | BB6: =COUNTIF(E17:F23,BA6) -> 0 | BC6: RSI
B7: Puntuación: Valores en puntos | C7: 1. Cada pregunta vale 1, 5 o 7 puntos (los puntos son todo o nada) para un total de 117 puntos posibles. | G7: Salud e higiene de los empleados | H7: 18 | I7: =SUM(F32:F35) -> 13 | J7: =I7/H7 -> 0.72222222 | BA7: Curado en el momento | BB7: =COUNTIF(E17:F23,BA7) -> 0 | BC7: RSI CIM
C8: 2. Riesgo inminente para la salud (IHR): No hay valores asignados a las 7 preguntas; marque dentro de la pregunta crítica sistémica apropiada, escale el problema según sea necesario y aplique acciones correctivas inmediatas. Si hay un riesgo inminente para la salud (IHR) en el momento de la evaluación, entonces la pregunta crítica correspondiente dentro de la evaluación debe marcarse con un "No", independientemente de si el IHR se cura en el momento. Si hay un IHR, la revisión continuará y se completará en su totalidad para ayudar a descubrir la causa raíz del IHR. | G8: Hora y temperatura | H8: 31 | I8: =SUM(F36:F40) -> 26 | J8: =I8/H8 -> 0.83870968
G9: Buenas prácticas de venta minorista | H9: 19 | I9: =SUM(F41:F45) -> 18 | J9: =I9/H9 -> 0.94736842
G10: Manejo de plagas | H10: 13 | I10: =SUM(F46:F48) -> 13 | J10: =I10/H10 -> 1
B11: Calificaciones de riesgo | C11: Actividades de seguimiento | G11: Documentación | H11: 5 | I11: =SUM(F49:F53) -> 4 | J11: =I11/H11 -> 0.8
B12: Riesgo bajo 90% o más | C12: El restaurante cumple con la mayoría de los estándares de seguridad alimentaria. Las acciones correctivas para todos los hallazgos deben tomarse dentro de los 5 días posteriores a la recepción del informe de evaluación final. Realice un seguimiento con el equipo del restaurante para asegurarse de que se corrijan las oportunidades, se capacite a los miembros del equipo, etc. | G12: Total | H12: =SUM(H6:H11) -> 117 | I12: =SUM(I6:I11) -> 100 | J12: =I12/H12 -> 0.85470085
B13: Riesgo moderado 71% – 89% | C13: El restaurante cumple con algunas normas de seguridad alimentaria. Las medidas correctivas para todos los hallazgos deben tomarse dentro de los 5 días posteriores a la recepción del informe de evaluación final. Es posible que sea necesario realizar una documentación de seguimiento o una nueva visita para cualquier problema que no se haya corregido en el momento.
B14: Riesgo alto 70% o menos | C14: El restaurante no cumple con los estándares de seguridad alimentaria. Las acciones correctivas para todos los hallazgos deben tomarse dentro de los 5 días posteriores a la recepción del informe de evaluación final. Se debe realizar una nueva evaluación dentro de los 30 a 45 días para verificar que se corrijan las oportunidades y se eliminen las causas fundamentales. | G14: Puntuación FSA % y resultado de riesgo | I14: =J12 -> 0.85470085
B16: Riesgos inminentes para la salud | E16: Respuesta | G16: Comentarios
B17: Riesgos inminentes para la salud | C17: 1 | D17: IHR.1 Hay agua corriente caliente y fría disponible NOTA: Citar bajo pregunta GRP.3 | E17: Yes | AY17: =E17 -> Yes | BA17: Sí | BB17: =COUNTIF(AY17:AY23,BA17) -> 0 | BC17: 0 RSI
C18: 2 | D18: RSI.2 El gerente y los miembros del equipo están libres de enfermedades y síntomas NOTA: Citar bajo la pregunta GRP.3 | E18: Yes | AY18: =E18 -> Yes | BA18: No | BB18: =COUNTIF(AY17:AY23,BA18) -> 0 | BC18: RSI
C19: 3 | D19: RSI.3 Libre de productos adulterados/contaminados NOTA: Citar bajo pregunta GRP.3 | E19: Yes | AY19: =E19 -> Yes | BA19: Curado en el momento | BB19: =COUNTIF(AY17:AY23,BA19) -> 0 | BC19: RSI CIM
C20: 4 | D20: IHR.4 Libre de inundaciones/respaldo de alcantarillado NOTA: Citar bajo pregunta GRP.3 | E20: Yes | AY20: =E20 -> Yes
C21: 5 | D21: IHR.5 Libre de infestaciones de plagas que provoquen contaminación de alimentos y superficies en contacto. NOTA: Citar bajo la pregunta PM.1 | E21: Yes
C22: 6 | D22: IHR.6 Restaurante cuenta con sanitizante NOTA: Citar bajo pregunta GRP.3 | E22: Yes | AY22: =E22 -> Yes
C23: 7 | D23: IHR.7 Se proporcionan lavabos para lavarse las manos NOTA: Citar bajo pregunta GRP.3 | E23: Yes | AY23: =E23 -> Yes
B24: Sistemas de seguridad alimentaria en el comercio minorista | E24: Respuesta | F24: Agujas | G24: Comentarios
B25: Limpieza y Saneamiento | C25: 1 | D25: CS.1 (Mayor) El agua caliente alcanza un mínimo de 85 °F (29 °C) en todos los lavamanos, 110 °F (43 °C) en los lavaplatos y 160 °F (71 °C) de temperatura superficial en todas las máquinas lavaplatos de alta temperatura. | E25: Yes | F25: =IF(E25="Yes",5,0) -> 5
C26: 2 | D26: CS.2 (Principal) El desinfectante se encuentra en la concentración adecuada en todos los lavabos, baldes, tazas y lavadoras de vajilla a baja temperatura. | E26: No | F26: =IF(E26="Yes",5,0) -> 0 | G26: Poca concentracion. Realizar el cambio de sanitizante cada 4 horas en posetas, aspersor y portalimpiasecos.
C27: 3 | D27: CS.3 (Principal) Todos los productos químicos están aprobados, etiquetados adecuadamente y almacenados correctamente. | E27: Yes | F27: =IF(E27="Yes",5,0) -> 5
C28: 4 | D28: CS.4 (Menor) Locales exteriores e interiores (parte trasera de la casa) Las superficies que no entran en contacto con alimentos están limpias y se mantienen | E28: Yes | F28: =IF(E28="Yes",1,0) -> 1
C29: 5 | D29: CS.5 (Menor) Todos los fregaderos y lavavajillas están instalados correctamente y se utilizan adecuadamente. | E29: Yes | F29: =IF(E29="Yes",1,0) -> 1
C30: 6 | D30: CS.6 (Crítico) Los equipos en uso y las mesas de preparación se limpian y desinfectan con la frecuencia adecuada y se mantienen | E30: Yes | F30: =IF(E30="Yes",7,0) -> 7
C31: 7 | D31: CS.7 (Crítico) Los utensilios en uso y los artículos pequeños se limpian y desinfectan con la frecuencia adecuada y se mantienen | E31: Yes | F31: =IF(E31="Yes",7,0) -> 7
B32: Salud e higiene de los empleados | C32: 1 | D32: EH.1 (Menor) La persona a cargo comprende los estándares de marca para enfermedades y síntomas notificables y los miembros del equipo saben qué informar. | E32: Yes | F32: =IF(E32="Yes",1,0) -> 1
C33: 2 | D33: EH.2 (Mayor) Los lavabos para lavarse las manos están completamente abastecidos y los miembros del equipo se lavan las manos correctamente. | E33: No | F33: =IF(E33="Yes",5,0) -> 0 | G33: No se evidencia el tema del lavado de mano en cada cambio de actividad .
C34: 3 | D34: EH.3 (Mayor) Los miembros del equipo están siguiendo prácticas de higiene. | E34: Yes | F34: =IF(E34="Yes",5,0) -> 5
C35: 4 | D35: EH.4 (Crítico) Los miembros del equipo usan guantes correctamente y evitan el contacto con las manos desnudas. | E35: Yes | F35: =IF(E35="Yes",7,0) -> 7
B36: Hora y temperatura | C36: 1 | D36: TT.1 (Crítico) Alimentos refrigerados mantenidos a 41 °F (5°C) o menos | E36: Yes | F36: =IF(E36="Yes",7,0) -> 7
C37: 2 | D37: TT.2 (Principal) Control de tiempo y temperatura para seguridad (TCS) Los alimentos se manipulan adecuadamente | E37: Yes | F37: =IF(E37="Yes",5,0) -> 5
C38: 3 | D38: TT.3 (Crítico) Los alimentos se cocinan a la temperatura correcta.NOTA: Si la comida no se cocina en este lugar, marque con un círculo los puntos obtenidos como 7 | E38: Yes | F38: =IF(OR(E38="Yes",E38="NA"),7,0) -> 7
C39: 4 | D39: TT.4 (Crítico) Control de tiempo/temperatura para seguridad (TCS) Los alimentos en almacenamiento en caliente se mantienen a ≥ 135 °F (65°C) NOTA: Si no se mantiene caliente en esta ubicación, marque con un círculo los puntos obtenidos como 7 | E39: Yes | F39: =IF(OR(E39="Yes",E39="NA"),7,0) -> 7
C40: 5 | D40: TT.5 (Principal) Los termómetros están calibrados adecuadamente y en uso. | E40: No | F40: =IF(E40="Yes",5,0) -> 0 | G40: Termometro, intermitente por temas de bateria y posible descalibracion en temperatura.
B41: Buenas prácticas de venta minorista | C41: 1 | D41: GRP.1 (Mayor) Los alimentos y envases se almacenan de manera que estén protegidos y se cumplen todos los requisitos de gestión de alérgenos. | E41: Yes | F41: =IF(E41="Yes",5,0) -> 5
C42: 2 | D42: GRP.2 (Mayor) Las superficies en contacto con alimentos están protegidas de la contaminación y se manipulan adecuadamente. | E42: Yes | F42: =IF(E42="Yes",5,0) -> 5
C43: 3 | D43: GRP.3 (Crítico) Se han establecido normas de prevención de la contaminación y se siguen adecuadamente las prácticas para prevenir la contaminación cruzada. | E43: Yes | F43: =IF(E43="Yes",7,0) -> 7
C44: 4 | D44: GRP.4 (Menor) Todos los alimentos están aprobados, dentro del código de fecha y etiquetados correctamente. | E44: No | F44: =IF(E44="Yes",1,0) -> 0 | G44: Rotulos con cinta en la leche de almendras.
C45: 5 | D45: GRP.5 (Menor) El embalaje se utiliza de forma aprobada | E45: Yes | F45: =IF(E45="Yes",1,0) -> 1
B46: Manejo de plagas | C46: 1 | D46: PM.1 (Crítico) El restaurante está libre de evidencia de plagas y está recibiendo servicio de control de plagas. | E46: Yes | F46: =IF(E46="Yes",7,0) -> 7
C47: 2 | D47: PM.2 (Mayor) Todo el equipo de control de plagas requerido está presente y el servicio de control de plagas se realiza al menos una vez al mes. | E47: Yes | F47: =IF(E47="Yes",5,0) -> 5
C48: 3 | D48: PM.3 (Menor) Toda la documentación requerida sobre plagas está disponible (licencia, informes, etc.) | E48: Yes | F48: =IF(E48="Yes",1,0) -> 1
B49: Documentación | C49: 1 | D49: DOC.1 (Menor) Los documentos de temperatura de mantenimiento en frío (incluidos los registros de enfriamiento y descongelación) están completos, son precisos y incluyen acciones correctivas. | E49: Yes | F49: =IF(E49="Yes",1,0) -> 1
C50: 2 | D50: DOC.2 (Menor) Los documentos de temperatura de cocción están completos, son precisos y incluyen acciones correctivas.NOTA: Si no se cocina en esta ubicación, marque con un círculo los puntos obtenidos como 1 | E50: Yes | F50: =IF(OR(E50="Yes",E50="NA"),1,0) -> 1
C51: 3 | D51: DOC.3 (Menor) Los documentos de temperatura de mantenimiento en caliente están completos, son precisos y incluyen acciones correctivas.NOTA: Si no se mantiene caliente en esta ubicación, marque con un círculo los puntos obtenidos como 1 | E51: NA | F51: =IF(OR(E51="Yes",E51="NA"),1,0) -> 1
C52: 4 | D52: DOC.4 (Menor) Los documentos recibidos están completos, son precisos y tienen acciones correctivas. | E52: Yes | F52: =IF(E52="Yes",1,0) -> 1
C53: 5 | D53: DOC.5 (Menor) La documentación y los recursos adicionales requeridos en materia de seguridad alimentaria están presentes y son accesibles según sea necesario. | E53: No | F53: =IF(E53="Yes",1,0) -> 0 | G53: eor incompetos

Sheet P.A. PV 225
B2: Una plantilla de plan de acción mensual de InspireUtilice los resultados de One Inspire para crear un plan de acción para cerrar las brechas con los estándares de la marca. Todo aquello que no haya obtenido una puntuación "sí" en One Inspire es una brecha. Utilice el formato de objetivo SMART (específico, medible, alcanzable, realista y oportuno).
B3: OBJETIVO 1
B4: META:
B5: Accion correctiva / Plan de accion | C5: Responsable | D5: Fecha de ejecucion prevista | E5: Comentarios | F5: Fecha de cierre real (¿Terminado?)
D6: Fecha | E6: Comentarios | F6: Fecha (¿Hecho?)
B7: realizar capacitacion continua y revision sobre revision de concetracion | C7: KAREN NARVAEZ | D7: inmediato
B8: reforzar lavado de manos y retroalimentar la importancia de este ejercicio | C8: KAREN NARVAEZ | D8: 46295
B9: Comprar baterias para el cambio de termometro | C9: KAREN NARVAEZ | D9: 46295
B10: Eliminar producto con stickers en cinta y retroaliemntar del correcto uso de stockers en productos | C10: KAREN NARVAEZ | D10: 46295
B11: Imprimir los ultimos 12 EOR Y guaradr en carpeta | C11: KAREN NARVAEZ | D11: 46295
B18: OBJETIVO 2
B19: META:
B20: Accion correctiva / Plan de accion | C20: Responsable | D20: Fecha de ejecucion prevista | E20: Comentarios | F20: Fecha de cierre real (¿Terminado?)
D21: Fecha | E21: Comentarios | F21: Fecha (¿Hecho?)
B32: OBJETIVO 3
B33: META:
B34: Accion correctiva / Plan de accion | C34: Responsable | D34: Fecha de ejecucion prevista | E34: Comentarios | F34: Fecha de cierre real (¿Terminado?)
D35: Fecha | E35: Comentarios | F35: Fecha (¿Hecho?)

Sheet EOR PV 284
B1: Evaluación de seguridad alimentaria One Inspire
B3: Nombre y ubicación de la tienda: | C3: PV 284 Carrera 45 No. 95-86, Local 1 Edif. Tokio
B4: Nombre de la persona que completa el formulario | C4: KAREN NARVAEZ - CAROLINA ZAMORA | G4: Riesgos inminentes para la salud | H4: =IF(COUNTIF(BB6,"0")>0,"PASA","NO PASA") -> PASA | BA4: Sí | BB4: =COUNTIF(E17:F23,BA4) -> 0 | BC4: 0 RSI
B5: Fecha | C5: 46272 | G5: Categoría | H5: Puntos disponibles | I5: Puntos otorgados | J5: Porcentaje
G6: Limpieza y Saneamiento | H6: 31 | I6: =SUM(F25:F31) -> 21 | J6: =I6/H6 -> 0.67741935 | BA6: No | BB6: =COUNTIF(E17:F23,BA6) -> 0 | BC6: RSI
B7: Puntuación: Valores en puntos | C7: 1. Cada pregunta vale 1, 5 o 7 puntos (los puntos son todo o nada) para un total de 117 puntos posibles. | G7: Salud e higiene de los empleados | H7: 18 | I7: =SUM(F32:F35) -> 13 | J7: =I7/H7 -> 0.72222222 | BA7: Curado en el momento | BB7: =COUNTIF(E17:F23,BA7) -> 0 | BC7: RSI CIM
C8: 2. Riesgo inminente para la salud (IHR): No hay valores asignados a las 7 preguntas; marque dentro de la pregunta crítica sistémica apropiada, escale el problema según sea necesario y aplique acciones correctivas inmediatas. Si hay un riesgo inminente para la salud (IHR) en el momento de la evaluación, entonces la pregunta crítica correspondiente dentro de la evaluación debe marcarse con un "No", independientemente de si el IHR se cura en el momento. Si hay un IHR, la revisión continuará y se completará en su totalidad para ayudar a descubrir la causa raíz del IHR. | G8: Hora y temperatura | H8: 31 | I8: =SUM(F36:F40) -> 31 | J8: =I8/H8 -> 1
G9: Buenas prácticas de venta minorista | H9: 19 | I9: =SUM(F41:F45) -> 13 | J9: =I9/H9 -> 0.68421053
G10: Manejo de plagas | H10: 13 | I10: =SUM(F46:F48) -> 13 | J10: =I10/H10 -> 1
B11: Calificaciones de riesgo | C11: Actividades de seguimiento | G11: Documentación | H11: 5 | I11: =SUM(F49:F53) -> 4 | J11: =I11/H11 -> 0.8
B12: Riesgo bajo 90% o más | C12: El restaurante cumple con la mayoría de los estándares de seguridad alimentaria. Las acciones correctivas para todos los hallazgos deben tomarse dentro de los 5 días posteriores a la recepción del informe de evaluación final. Realice un seguimiento con el equipo del restaurante para asegurarse de que se corrijan las oportunidades, se capacite a los miembros del equipo, etc. | G12: Total | H12: =SUM(H6:H11) -> 117 | I12: =SUM(I6:I11) -> 95 | J12: =I12/H12 -> 0.81196581
B13: Riesgo moderado 71% – 89% | C13: El restaurante cumple con algunas normas de seguridad alimentaria. Las medidas correctivas para todos los hallazgos deben tomarse dentro de los 5 días posteriores a la recepción del informe de evaluación final. Es posible que sea necesario realizar una documentación de seguimiento o una nueva visita para cualquier problema que no se haya corregido en el momento.
B14: Riesgo alto 70% o menos | C14: El restaurante no cumple con los estándares de seguridad alimentaria. Las acciones correctivas para todos los hallazgos deben tomarse dentro de los 5 días posteriores a la recepción del informe de evaluación final. Se debe realizar una nueva evaluación dentro de los 30 a 45 días para verificar que se corrijan las oportunidades y se eliminen las causas fundamentales. | G14: Puntuación FSA % y resultado de riesgo | I14: =J12 -> 0.81196581
B16: Riesgos inminentes para la salud | E16: Respuesta | G16: Comentarios
B17: Riesgos inminentes para la salud | C17: 1 | D17: IHR.1 Hay agua corriente caliente y fría disponible NOTA: Citar bajo pregunta GRP.3 | E17: Yes | AY17: =E17 -> Yes | BA17: Sí | BB17: =COUNTIF(AY17:AY23,BA17) -> 0 | BC17: 0 RSI
C18: 2 | D18: RSI.2 El gerente y los miembros del equipo están libres de enfermedades y síntomas NOTA: Citar bajo la pregunta GRP.3 | E18: Yes | AY18: =E18 -> Yes | BA18: No | BB18: =COUNTIF(AY17:AY23,BA18) -> 0 | BC18: RSI
C19: 3 | D19: RSI.3 Libre de productos adulterados/contaminados NOTA: Citar bajo pregunta GRP.3 | E19: Yes | AY19: =E19 -> Yes | BA19: Curado en el momento | BB19: =COUNTIF(AY17:AY23,BA19) -> 0 | BC19: RSI CIM
C20: 4 | D20: IHR.4 Libre de inundaciones/respaldo de alcantarillado NOTA: Citar bajo pregunta GRP.3 | E20: Yes | AY20: =E20 -> Yes
C21: 5 | D21: IHR.5 Libre de infestaciones de plagas que provoquen contaminación de alimentos y superficies en contacto. NOTA: Citar bajo la pregunta PM.1 | E21: Yes
C22: 6 | D22: IHR.6 Restaurante cuenta con sanitizante NOTA: Citar bajo pregunta GRP.3 | E22: Yes | AY22: =E22 -> Yes
C23: 7 | D23: IHR.7 Se proporcionan lavabos para lavarse las manos NOTA: Citar bajo pregunta GRP.3 | E23: Yes | AY23: =E23 -> Yes
B24: Sistemas de seguridad alimentaria en el comercio minorista | E24: Respuesta | F24: Agujas | G24: Comentarios
B25: Limpieza y Saneamiento | C25: 1 | D25: CS.1 (Mayor) El agua caliente alcanza un mínimo de 85 °F (29 °C) en todos los lavamanos, 110 °F (43 °C) en los lavaplatos y 160 °F (71 °C) de temperatura superficial en todas las máquinas lavaplatos de alta temperatura. | E25: Yes | F25: =IF(E25="Yes",5,0) -> 5
C26: 2 | D26: CS.2 (Principal) El desinfectante se encuentra en la concentración adecuada en todos los lavabos, baldes, tazas y lavadoras de vajilla a baja temperatura. | E26: No | F26: =IF(E26="Yes",5,0) -> 0 | G26: Concentracion de sanitizante 50 PPM en recipiente de limpiasecos
C27: 3 | D27: CS.3 (Principal) Todos los productos químicos están aprobados, etiquetados adecuadamente y almacenados correctamente. | E27: No | F27: =IF(E27="Yes",5,0) -> 0 | G27: Se evidencia quimico que no pertenece a los aprobados
C28: 4 | D28: CS.4 (Menor) Locales exteriores e interiores (parte trasera de la casa) Las superficies que no entran en contacto con alimentos están limpias y se mantienen | E28: Yes | F28: =IF(E28="Yes",1,0) -> 1
C29: 5 | D29: CS.5 (Menor) Todos los fregaderos y lavavajillas están instalados correctamente y se utilizan adecuadamente. | E29: Yes | F29: =IF(E29="Yes",1,0) -> 1
C30: 6 | D30: CS.6 (Crítico) Los equipos en uso y las mesas de preparación se limpian y desinfectan con la frecuencia adecuada y se mantienen | E30: Yes | F30: =IF(E30="Yes",7,0) -> 7
C31: 7 | D31: CS.7 (Crítico) Los utensilios en uso y los artículos pequeños se limpian y desinfectan con la frecuencia adecuada y se mantienen | E31: Yes | F31: =IF(E31="Yes",7,0) -> 7
B32: Salud e higiene de los empleados | C32: 1 | D32: EH.1 (Menor) La persona a cargo comprende los estándares de marca para enfermedades y síntomas notificables y los miembros del equipo saben qué informar. | E32: Yes | F32: =IF(E32="Yes",1,0) -> 1
C33: 2 | D33: EH.2 (Mayor) Los lavabos para lavarse las manos están completamente abastecidos y los miembros del equipo se lavan las manos correctamente. | E33: Yes | F33: =IF(E33="Yes",5,0) -> 5
C34: 3 | D34: EH.3 (Mayor) Los miembros del equipo están siguiendo prácticas de higiene. | E34: No | F34: =IF(E34="Yes",5,0) -> 0 | G34: No hay lavado frecuente de manos
C35: 4 | D35: EH.4 (Crítico) Los miembros del equipo usan guantes correctamente y evitan el contacto con las manos desnudas. | E35: Yes | F35: =IF(E35="Yes",7,0) -> 7
B36: Hora y temperatura | C36: 1 | D36: TT.1 (Crítico) Alimentos refrigerados mantenidos a 41 °F (5°C) o menos | E36: Yes | F36: =IF(E36="Yes",7,0) -> 7
C37: 2 | D37: TT.2 (Principal) Control de tiempo y temperatura para seguridad (TCS) Los alimentos se manipulan adecuadamente | E37: Yes | F37: =IF(E37="Yes",5,0) -> 5
C38: 3 | D38: TT.3 (Crítico) Los alimentos se cocinan a la temperatura correcta.NOTA: Si la comida no se cocina en este lugar, marque con un círculo los puntos obtenidos como 7 | E38: Yes | F38: =IF(OR(E38="Yes",E38="NA"),7,0) -> 7
C39: 4 | D39: TT.4 (Crítico) Control de tiempo/temperatura para seguridad (TCS) Los alimentos en almacenamiento en caliente se mantienen a ≥ 135 °F (65°C) NOTA: Si no se mantiene caliente en esta ubicación, marque con un círculo los puntos obtenidos como 7 | E39: Yes | F39: =IF(OR(E39="Yes",E39="NA"),7,0) -> 7
C40: 5 | D40: TT.5 (Principal) Los termómetros están calibrados adecuadamente y en uso. | E40: Yes | F40: =IF(E40="Yes",5,0) -> 5
B41: Buenas prácticas de venta minorista | C41: 1 | D41: GRP.1 (Mayor) Los alimentos y envases se almacenan de manera que estén protegidos y se cumplen todos los requisitos de gestión de alérgenos. | E41: Yes | F41: =IF(E41="Yes",5,0) -> 5
C42: 2 | D42: GRP.2 (Mayor) Las superficies en contacto con alimentos están protegidas de la contaminación y se manipulan adecuadamente. | E42: No | F42: =IF(E42="Yes",5,0) -> 0 | G42: No hay constante desinfeccion del area
C43: 3 | D43: GRP.3 (Crítico) Se han establecido normas de prevención de la contaminación y se siguen adecuadamente las prácticas para prevenir la contaminación cruzada. | E43: Yes | F43: =IF(E43="Yes",7,0) -> 7
C44: 4 | D44: GRP.4 (Menor) Todos los alimentos están aprobados, dentro del código de fecha y etiquetados correctamente. | E44: No | F44: =IF(E44="Yes",1,0) -> 0 | G44: Azucar donuts sin rotulo
C45: 5 | D45: GRP.5 (Menor) El embalaje se utiliza de forma aprobada | E45: Yes | F45: =IF(E45="Yes",1,0) -> 1
B46: Manejo de plagas | C46: 1 | D46: PM.1 (Crítico) El restaurante está libre de evidencia de plagas y está recibiendo servicio de control de plagas. | E46: Yes | F46: =IF(E46="Yes",7,0) -> 7
C47: 2 | D47: PM.2 (Mayor) Todo el equipo de control de plagas requerido está presente y el servicio de control de plagas se realiza al menos una vez al mes. | E47: Yes | F47: =IF(E47="Yes",5,0) -> 5
C48: 3 | D48: PM.3 (Menor) Toda la documentación requerida sobre plagas está disponible (licencia, informes, etc.) | E48: Yes | F48: =IF(E48="Yes",1,0) -> 1
B49: Documentación | C49: 1 | D49: DOC.1 (Menor) Los documentos de temperatura de mantenimiento en frío (incluidos los registros de enfriamiento y descongelación) están completos, son precisos y incluyen acciones correctivas. | E49: Yes | F49: =IF(E49="Yes",1,0) -> 1
C50: 2 | D50: DOC.2 (Menor) Los documentos de temperatura de cocción están completos, son precisos y incluyen acciones correctivas.NOTA: Si no se cocina en esta ubicación, marque con un círculo los puntos obtenidos como 1 | E50: Yes | F50: =IF(OR(E50="Yes",E50="NA"),1,0) -> 1
C51: 3 | D51: DOC.3 (Menor) Los documentos de temperatura de mantenimiento en caliente están completos, son precisos y incluyen acciones correctivas.NOTA: Si no se mantiene caliente en esta ubicación, marque con un círculo los puntos obtenidos como 1 | E51: NA | F51: =IF(OR(E51="Yes",E51="NA"),1,0) -> 1
C52: 4 | D52: DOC.4 (Menor) Los documentos recibidos están completos, son precisos y tienen acciones correctivas. | E52: Yes | F52: =IF(E52="Yes",1,0) -> 1
C53: 5 | D53: DOC.5 (Menor) La documentación y los recursos adicionales requeridos en materia de seguridad alimentaria están presentes y son accesibles según sea necesario. | E53: No | F53: =IF(E53="Yes",1,0) -> 0 | G53: Tablero de comunicaciones incompleto

Sheet P.A. PV 284
B2: Una plantilla de plan de acción mensual de InspireUtilice los resultados de One Inspire para crear un plan de acción para cerrar las brechas con los estándares de la marca. Todo aquello que no haya obtenido una puntuación "sí" en One Inspire es una brecha. Utilice el formato de objetivo SMART (específico, medible, alcanzable, realista y oportuno).
B3: OBJETIVO 1
B4: META:
B5: Accion correctiva / Plan de accion | C5: Responsable | D5: Fecha de ejecucion prevista | E5: Comentarios | F5: Fecha de cierre real (¿Terminado?)
D6: Fecha | E6: Comentarios | F6: Fecha (¿Hecho?)
B7: Hacer segumineto y capacitacion continua sobre los procesos de rotulacion | C7: KAREN NARVAEZ | D7: 46295
B8: Hacer seguimiento y revision diaria a concentracion de sanitizante | C8: KAREN NARVAEZ | D8: 46295
B9: Eliminar queimicos que no estan aprobados y generar retroaliemntacion | C9: KAREN NARVAEZ | D9: 46295
B10: Hacer capacitacion continua y seguimiento al lavado de manos | C10: KAREN NARVAEZ | D10: 46295
B18: OBJETIVO 2
B19: META:
B20: Accion correctiva / Plan de accion | C20: Responsable | D20: Fecha de ejecucion prevista | E20: Comentarios | F20: Fecha de cierre real (¿Terminado?)
D21: Fecha | E21: Comentarios | F21: Fecha (¿Hecho?)
B32: OBJETIVO 3
B33: META:
B34: Accion correctiva / Plan de accion | C34: Responsable | D34: Fecha de ejecucion prevista | E34: Comentarios | F34: Fecha de cierre real (¿Terminado?)
D35: Fecha | E35: Comentarios | F35: Fecha (¿Hecho?)

Sheet EOR PV 262
B1: Evaluación de seguridad alimentaria One Inspire
B3: Nombre y ubicación de la tienda: | C3: PV 262 CALLE 125 No. 21A-71, LOCAL 3, EDIF. SANTA BARBARA PLAZA PH
B4: Nombre de la persona que completa el formulario | C4: DANNA MILENA MARTINEZ WALTER - CAROLINA ZAMORA CASTILLO | G4: Riesgos inminentes para la salud | H4: =IF(COUNTIF(BB6,"0")>0,"PASA","NO PASA") -> PASA | BA4: Sí | BB4: =COUNTIF(E17:F23,BA4) -> 0 | BC4: 0 RSI
B5: Fecha | C5: 46269 | G5: Categoría | H5: Puntos disponibles | I5: Puntos otorgados | J5: Porcentaje
G6: Limpieza y Saneamiento | H6: 31 | I6: =SUM(F25:F31) -> 21 | J6: =I6/H6 -> 0.67741935 | BA6: No | BB6: =COUNTIF(E17:F23,BA6) -> 0 | BC6: RSI
B7: Puntuación: Valores en puntos | C7: 1. Cada pregunta vale 1, 5 o 7 puntos (los puntos son todo o nada) para un total de 117 puntos posibles. | G7: Salud e higiene de los empleados | H7: 18 | I7: =SUM(F32:F35) -> 18 | J7: =I7/H7 -> 1 | BA7: Curado en el momento | BB7: =COUNTIF(E17:F23,BA7) -> 0 | BC7: RSI CIM
C8: 2. Riesgo inminente para la salud (IHR): No hay valores asignados a las 7 preguntas; marque dentro de la pregunta crítica sistémica apropiada, escale el problema según sea necesario y aplique acciones correctivas inmediatas. Si hay un riesgo inminente para la salud (IHR) en el momento de la evaluación, entonces la pregunta crítica correspondiente dentro de la evaluación debe marcarse con un "No", independientemente de si el IHR se cura en el momento. Si hay un IHR, la revisión continuará y se completará en su totalidad para ayudar a descubrir la causa raíz del IHR. | G8: Hora y temperatura | H8: 31 | I8: =SUM(F36:F40) -> 19 | J8: =I8/H8 -> 0.61290323
G9: Buenas prácticas de venta minorista | H9: 19 | I9: =SUM(F41:F45) -> 18 | J9: =I9/H9 -> 0.94736842
G10: Manejo de plagas | H10: 13 | I10: =SUM(F46:F48) -> 13 | J10: =I10/H10 -> 1
B11: Calificaciones de riesgo | C11: Actividades de seguimiento | G11: Documentación | H11: 5 | I11: =SUM(F49:F53) -> 5 | J11: =I11/H11 -> 1
B12: Riesgo bajo 90% o más | C12: El restaurante cumple con la mayoría de los estándares de seguridad alimentaria. Las acciones correctivas para todos los hallazgos deben tomarse dentro de los 5 días posteriores a la recepción del informe de evaluación final. Realice un seguimiento con el equipo del restaurante para asegurarse de que se corrijan las oportunidades, se capacite a los miembros del equipo, etc. | G12: Total | H12: =SUM(H6:H11) -> 117 | I12: =SUM(I6:I11) -> 94 | J12: =I12/H12 -> 0.8034188
B13: Riesgo moderado 71% – 89% | C13: El restaurante cumple con algunas normas de seguridad alimentaria. Las medidas correctivas para todos los hallazgos deben tomarse dentro de los 5 días posteriores a la recepción del informe de evaluación final. Es posible que sea necesario realizar una documentación de seguimiento o una nueva visita para cualquier problema que no se haya corregido en el momento.
B14: Riesgo alto 70% o menos | C14: El restaurante no cumple con los estándares de seguridad alimentaria. Las acciones correctivas para todos los hallazgos deben tomarse dentro de los 5 días posteriores a la recepción del informe de evaluación final. Se debe realizar una nueva evaluación dentro de los 30 a 45 días para verificar que se corrijan las oportunidades y se eliminen las causas fundamentales. | G14: Puntuación FSA % y resultado de riesgo | I14: =J12 -> 0.8034188
B16: Riesgos inminentes para la salud | E16: Respuesta | G16: Comentarios
B17: Riesgos inminentes para la salud | C17: 1 | D17: IHR.1 Hay agua corriente caliente y fría disponible NOTA: Citar bajo pregunta GRP.3 | E17: Yes | AY17: =E17 -> Yes | BA17: Sí | BB17: =COUNTIF(AY17:AY23,BA17) -> 0 | BC17: 0 RSI
C18: 2 | D18: RSI.2 El gerente y los miembros del equipo están libres de enfermedades y síntomas NOTA: Citar bajo la pregunta GRP.3 | E18: Yes | AY18: =E18 -> Yes | BA18: No | BB18: =COUNTIF(AY17:AY23,BA18) -> 0 | BC18: RSI
C19: 3 | D19: RSI.3 Libre de productos adulterados/contaminados NOTA: Citar bajo pregunta GRP.3 | E19: Yes | AY19: =E19 -> Yes | BA19: Curado en el momento | BB19: =COUNTIF(AY17:AY23,BA19) -> 0 | BC19: RSI CIM
C20: 4 | D20: IHR.4 Libre de inundaciones/respaldo de alcantarillado NOTA: Citar bajo pregunta GRP.3 | E20: Yes | AY20: =E20 -> Yes
C21: 5 | D21: IHR.5 Libre de infestaciones de plagas que provoquen contaminación de alimentos y superficies en contacto. NOTA: Citar bajo la pregunta PM.1 | E21: Yes
C22: 6 | D22: IHR.6 Restaurante cuenta con sanitizante NOTA: Citar bajo pregunta GRP.3 | E22: Yes | AY22: =E22 -> Yes
C23: 7 | D23: IHR.7 Se proporcionan lavabos para lavarse las manos NOTA: Citar bajo pregunta GRP.3 | E23: Yes | AY23: =E23 -> Yes
B24: Sistemas de seguridad alimentaria en el comercio minorista | E24: Respuesta | F24: Agujas | G24: Comentarios
B25: Limpieza y Saneamiento | C25: 1 | D25: CS.1 (Mayor) El agua caliente alcanza un mínimo de 85 °F (29 °C) en todos los lavamanos, 110 °F (43 °C) en los lavaplatos y 160 °F (71 °C) de temperatura superficial en todas las máquinas lavaplatos de alta temperatura. | E25: Yes | F25: =IF(E25="Yes",5,0) -> 5
C26: 2 | D26: CS.2 (Principal) El desinfectante se encuentra en la concentración adecuada en todos los lavabos, baldes, tazas y lavadoras de vajilla a baja temperatura. | E26: No | F26: =IF(E26="Yes",5,0) -> 0 | G26: No dio la concentracion se expica forma correcta de preparacion del sanitizante tanto en poceta como en galon
C27: 3 | D27: CS.3 (Principal) Todos los productos químicos están aprobados, etiquetados adecuadamente y almacenados correctamente. | E27: No | F27: =IF(E27="Yes",5,0) -> 0 | G27: se ivendicia que en el galon de fregadero esta con jabon de mano se realiza correcion
C28: 4 | D28: CS.4 (Menor) Locales exteriores e interiores (parte trasera de la casa) Las superficies que no entran en contacto con alimentos están limpias y se mantienen | E28: Yes | F28: =IF(E28="Yes",1,0) -> 1
C29: 5 | D29: CS.5 (Menor) Todos los fregaderos y lavavajillas están instalados correctamente y se utilizan adecuadamente. | E29: Yes | F29: =IF(E29="Yes",1,0) -> 1
C30: 6 | D30: CS.6 (Crítico) Los equipos en uso y las mesas de preparación se limpian y desinfectan con la frecuencia adecuada y se mantienen | E30: Yes | F30: =IF(E30="Yes",7,0) -> 7
C31: 7 | D31: CS.7 (Crítico) Los utensilios en uso y los artículos pequeños se limpian y desinfectan con la frecuencia adecuada y se mantienen | E31: Yes | F31: =IF(E31="Yes",7,0) -> 7
B32: Salud e higiene de los empleados | C32: 1 | D32: EH.1 (Menor) La persona a cargo comprende los estándares de marca para enfermedades y síntomas notificables y los miembros del equipo saben qué informar. | E32: Yes | F32: =IF(E32="Yes",1,0) -> 1
C33: 2 | D33: EH.2 (Mayor) Los lavabos para lavarse las manos están completamente abastecidos y los miembros del equipo se lavan las manos correctamente. | E33: Yes | F33: =IF(E33="Yes",5,0) -> 5
C34: 3 | D34: EH.3 (Mayor) Los miembros del equipo están siguiendo prácticas de higiene. | E34: Yes | F34: =IF(E34="Yes",5,0) -> 5
C35: 4 | D35: EH.4 (Crítico) Los miembros del equipo usan guantes correctamente y evitan el contacto con las manos desnudas. | E35: Yes | F35: =IF(E35="Yes",7,0) -> 7
B36: Hora y temperatura | C36: 1 | D36: TT.1 (Crítico) Alimentos refrigerados mantenidos a 41 °F (5°C) o menos | E36: Yes | F36: =IF(E36="Yes",7,0) -> 7
C37: 2 | D37: TT.2 (Principal) Control de tiempo y temperatura para seguridad (TCS) Los alimentos se manipulan adecuadamente | E37: No | F37: =IF(E37="Yes",5,0) -> 0 | G37: faltaban temperaturas de entrada a las 6 am
C38: 3 | D38: TT.3 (Crítico) Los alimentos se cocinan a la temperatura correcta.NOTA: Si la comida no se cocina en este lugar, marque con un círculo los puntos obtenidos como 7 | E38: NA | F38: =IF(OR(E38="Yes",E38="NA"),7,0) -> 7
C39: 4 | D39: TT.4 (Crítico) Control de tiempo/temperatura para seguridad (TCS) Los alimentos en almacenamiento en caliente se mantienen a ≥ 135 °F (65°C) NOTA: Si no se mantiene caliente en esta ubicación, marque con un círculo los puntos obtenidos como 7 | E39: No | F39: =IF(OR(E39="Yes",E39="NA"),7,0) -> 0 | G39: Se toma temperatura a producto de panader ,se realiza capacitacion de los productos correctos a tomar temperatura como huevo sausage ,flat y wrap
C40: 5 | D40: TT.5 (Principal) Los termómetros están calibrados adecuadamente y en uso. | E40: Yes | F40: =IF(E40="Yes",5,0) -> 5
B41: Buenas prácticas de venta minorista | C41: 1 | D41: GRP.1 (Mayor) Los alimentos y envases se almacenan de manera que estén protegidos y se cumplen todos los requisitos de gestión de alérgenos. | E41: Yes | F41: =IF(E41="Yes",5,0) -> 5
C42: 2 | D42: GRP.2 (Mayor) Las superficies en contacto con alimentos están protegidas de la contaminación y se manipulan adecuadamente. | E42: Yes | F42: =IF(E42="Yes",5,0) -> 5
C43: 3 | D43: GRP.3 (Crítico) Se han establecido normas de prevención de la contaminación y se siguen adecuadamente las prácticas para prevenir la contaminación cruzada. | E43: Yes | F43: =IF(E43="Yes",7,0) -> 7
C44: 4 | D44: GRP.4 (Menor) Todos los alimentos están aprobados, dentro del código de fecha y etiquetados correctamente. | E44: No | F44: =IF(E44="Yes",1,0) -> 0 | G44: rotulos vencido de las 6 am
C45: 5 | D45: GRP.5 (Menor) El embalaje se utiliza de forma aprobada | E45: Yes | F45: =IF(E45="Yes",1,0) -> 1
B46: Manejo de plagas | C46: 1 | D46: PM.1 (Crítico) El restaurante está libre de evidencia de plagas y está recibiendo servicio de control de plagas. | E46: Yes | F46: =IF(E46="Yes",7,0) -> 7
C47: 2 | D47: PM.2 (Mayor) Todo el equipo de control de plagas requerido está presente y el servicio de control de plagas se realiza al menos una vez al mes. | E47: Yes | F47: =IF(E47="Yes",5,0) -> 5
C48: 3 | D48: PM.3 (Menor) Toda la documentación requerida sobre plagas está disponible (licencia, informes, etc.) | E48: Yes | F48: =IF(E48="Yes",1,0) -> 1
B49: Documentación | C49: 1 | D49: DOC.1 (Menor) Los documentos de temperatura de mantenimiento en frío (incluidos los registros de enfriamiento y descongelación) están completos, son precisos y incluyen acciones correctivas. | E49: Yes | F49: =IF(E49="Yes",1,0) -> 1
C50: 2 | D50: DOC.2 (Menor) Los documentos de temperatura de cocción están completos, son precisos y incluyen acciones correctivas.NOTA: Si no se cocina en esta ubicación, marque con un círculo los puntos obtenidos como 1 | E50: Yes | F50: =IF(OR(E50="Yes",E50="NA"),1,0) -> 1
C51: 3 | D51: DOC.3 (Menor) Los documentos de temperatura de mantenimiento en caliente están completos, son precisos y incluyen acciones correctivas.NOTA: Si no se mantiene caliente en esta ubicación, marque con un círculo los puntos obtenidos como 1 | E51: Yes | F51: =IF(OR(E51="Yes",E51="NA"),1,0) -> 1
C52: 4 | D52: DOC.4 (Menor) Los documentos recibidos están completos, son precisos y tienen acciones correctivas. | E52: Yes | F52: =IF(E52="Yes",1,0) -> 1
C53: 5 | D53: DOC.5 (Menor) La documentación y los recursos adicionales requeridos en materia de seguridad alimentaria están presentes y son accesibles según sea necesario. | E53: Yes | F53: =IF(E53="Yes",1,0) -> 1

Sheet P.A. PV 262
B2: Una plantilla de plan de acción mensual de InspireUtilice los resultados de One Inspire para crear un plan de acción para cerrar las brechas con los estándares de la marca. Todo aquello que no haya obtenido una puntuación "sí" en One Inspire es una brecha. Utilice el formato de objetivo SMART (específico, medible, alcanzable, realista y oportuno).
B3: OBJETIVO 1
B4: META:
B5: Accion correctiva / Plan de accion | C5: Responsable | D5: Fecha de ejecucion prevista | E5: Comentarios | F5: Fecha de cierre real (¿Terminado?)
D6: Fecha | E6: Comentarios | F6: Fecha (¿Hecho?)
B7: REALIAZAR REVISION DIARIA Y REFUERZO EN LA CONCENTRACION DE SANITIZANTE | C7: DANNA MARTINEZ | D7: INMEDIATO
B8: REALIZAR RETROAIEMNTACION SOBRE JABONES Y QUIMICOS Y SU FORMA DE USO | C8: DANNA MARTINEZ | D8: 46295
B9: REALIZAR REVISION DIARIA SOBRE LA TOMA DE TEMPERATURA GENERAR LLAMADOS DE ATENCION | C9: DANNA MARTINEZ | D9: inmediato
B10: SOLICITAR REVISION DE TURBO PARA PROGRAAR TEMPERATURA DE COCCION 74C° | C10: DANNA MARTINEZ | D10: 46295
B18: OBJETIVO 2
B19: META:
